,timestamp,open,high,low,close,volume
0,2026-03-22 05:45:00,69206.12,69263.45,69151.94,69153.41,66.19202
1,2026-03-22 06:00:00,69153.41,69173.19,69059.87,69139.99,210.4481
2,2026-03-22 06:15:00,69139.98,69236.3,69089.23,69236.29,103.5965
3,2026-03-22 06:30:00,69236.29,69245.79,69174.0,69197.95,29.89321
4,2026-03-22 06:45:00,69197.95,69203.5,69148.61,69164.06,34.14738
5,2026-03-22 07:00:00,69164.06,69250.08,69128.63,69155.27,104.83373
6,2026-03-22 07:15:00,69155.26,69200.0,69139.92,69181.62,105.54887
7,2026-03-22 07:30:00,69181.63,69181.74,68926.19,68951.59,126.61333
8,2026-03-22 07:45:00,68951.6,69088.0,68892.93,68919.38,95.94708
9,2026-03-22 08:00:00,68919.37,68990.67,68720.06,68990.67,238.58408
10,2026-03-22 08:15:00,68990.66,68990.67,68560.27,68624.01,451.78372
11,2026-03-22 08:30:00,68624.0,68787.84,68523.96,68738.56,296.15755
12,2026-03-22 08:45:00,68738.55,68825.0,68694.31,68804.77,67.25167
13,2026-03-22 09:00:00,68804.77,68881.19,68750.94,68873.38,81.12297
14,2026-03-22 09:15:00,68873.37,68901.65,68587.78,68649.09,177.61728
15,2026-03-22 09:30:00,68649.09,68829.02,68644.58,68782.75,69.66217
16,2026-03-22 09:45:00,68782.76,68847.83,68763.55,68826.2,55.42521
17,2026-03-22 10:00:00,68826.21,68847.83,68680.0,68742.42,141.72213
18,2026-03-22 10:15:00,68742.42,68744.55,68661.98,68731.27,50.68614
19,2026-03-22 10:30:00,68731.27,68774.2,68585.91,68620.11,87.03501
20,2026-03-22 10:45:00,68620.11,68687.19,68584.27,68648.17,80.59018
21,2026-03-22 11:00:00,68648.16,68691.03,68568.5,68658.59,53.68455
22,2026-03-22 11:15:00,68658.58,68682.36,68381.51,68419.89,221.98126
23,2026-03-22 11:30:00,68419.9,68518.22,68287.0,68405.0,182.86393
24,2026-03-22 11:45:00,68405.0,68424.27,68110.55,68217.95,325.90186
25,2026-03-22 12:00:00,68217.94,68342.92,68199.04,68314.5,112.72236
26,2026-03-22 12:15:00,68314.5,68763.18,68311.94,68662.51,241.95545
27,2026-03-22 12:30:00,68662.51,68673.96,68592.96,68610.0,66.05709
28,2026-03-22 12:45:00,68610.0,68693.82,68565.53,68654.83,63.5081
29,2026-03-22 13:00:00,68654.83,68957.24,68654.83,68815.32,181.26769
30,2026-03-22 13:15:00,68815.32,68869.21,68750.0,68806.7,134.14548
31,2026-03-22 13:30:00,68806.7,68849.85,68548.32,68627.92,128.15071
32,2026-03-22 13:45:00,68627.92,68753.14,68592.0,68700.02,104.50961
33,2026-03-22 14:00:00,68700.02,68811.89,68542.1,68780.0,136.92502
34,2026-03-22 14:15:00,68780.0,68900.0,68727.13,68839.99,73.87696
35,2026-03-22 14:30:00,68840.0,68915.27,68782.49,68843.0,69.37356
36,2026-03-22 14:45:00,68843.0,68843.01,68645.9,68711.66,105.36922
37,2026-03-22 15:00:00,68711.66,68940.0,68711.65,68904.24,110.48153
38,2026-03-22 15:15:00,68904.24,69005.71,68809.43,68907.95,133.24747
39,2026-03-22 15:30:00,68907.94,68910.8,68700.0,68803.1,96.20216
40,2026-03-22 15:45:00,68803.1,68856.89,68753.18,68847.96,51.2418
41,2026-03-22 16:00:00,68847.97,68885.53,68770.0,68790.84,65.82453
42,2026-03-22 16:15:00,68790.84,68814.31,68682.38,68715.09,69.90297
43,2026-03-22 16:30:00,68715.09,68781.73,68665.62,68733.34,79.24303
44,2026-03-22 16:45:00,68733.35,68848.9,68733.34,68805.58,43.27982
45,2026-03-22 17:00:00,68805.58,68834.34,68739.76,68823.98,38.36726
46,2026-03-22 17:15:00,68823.99,68848.32,68759.04,68810.33,58.56919
47,2026-03-22 17:30:00,68810.33,68824.99,68665.34,68671.02,94.05778
48,2026-03-22 17:45:00,68671.02,68741.16,68671.01,68673.02,61.16858
49,2026-03-22 18:00:00,68672.85,68720.92,68587.69,68720.91,54.00703
50,2026-03-22 18:15:00,68720.91,68730.91,68662.77,68694.05,39.73435
51,2026-03-22 18:30:00,68694.04,68743.18,68344.57,68470.01,190.55816
52,2026-03-22 18:45:00,68470.01,68619.51,68438.31,68618.58,55.71764
53,2026-03-22 19:00:00,68618.57,68626.07,68281.37,68332.16,150.07873
54,2026-03-22 19:15:00,68332.15,68398.75,68275.0,68287.44,91.52015
55,2026-03-22 19:30:00,68287.44,68424.09,68224.63,68390.24,84.07995
56,2026-03-22 19:45:00,68390.24,68404.15,68145.01,68199.93,147.31422
57,2026-03-22 20:00:00,68199.93,68369.3,68199.93,68335.88,86.32667
58,2026-03-22 20:15:00,68335.88,68498.4,68274.67,68324.0,75.62032
59,2026-03-22 20:30:00,68324.23,68370.22,68194.0,68363.62,64.59928
60,2026-03-22 20:45:00,68363.62,68363.62,68080.0,68176.46,92.98618
61,2026-03-22 21:00:00,68176.47,68228.71,67552.03,67780.83,839.82399
62,2026-03-22 21:15:00,67780.83,67865.3,67360.66,67810.33,472.52311
63,2026-03-22 21:30:00,67810.33,67984.15,67680.0,67874.82,127.18863
64,2026-03-22 21:45:00,67874.82,67904.8,67761.11,67899.97,95.9378
65,2026-03-22 22:00:00,67899.97,68135.14,67571.67,67912.81,318.29944
66,2026-03-22 22:15:00,67912.81,68383.18,67864.0,68256.0,291.88966
67,2026-03-22 22:30:00,68256.0,68335.6,68099.82,68135.8,154.91418
68,2026-03-22 22:45:00,68135.8,68396.94,68135.79,68339.37,91.45772
69,2026-03-22 23:00:00,68339.38,68474.0,68200.01,68327.15,115.75336
70,2026-03-22 23:15:00,68327.15,68340.6,68103.06,68103.9,132.27832
71,2026-03-22 23:30:00,68103.9,68161.47,67993.94,68126.67,77.75528
72,2026-03-22 23:45:00,68126.67,68145.6,67839.99,67859.0,183.48931
73,2026-03-23 00:00:00,67859.0,68123.86,67779.33,67957.48,305.76761
74,2026-03-23 00:15:00,67957.48,68161.41,67801.54,67994.06,170.63
75,2026-03-23 00:30:00,67994.06,67999.94,67445.18,67689.52,230.4121
76,2026-03-23 00:45:00,67689.52,67889.97,67619.89,67669.99,116.88247
77,2026-03-23 01:00:00,67670.0,67942.76,67536.01,67845.76,191.80043
78,2026-03-23 01:15:00,67845.76,68123.21,67845.76,68091.54,234.30982
79,2026-03-23 01:30:00,68091.54,68157.31,67980.59,68044.0,102.51879
80,2026-03-23 01:45:00,68044.0,68133.28,67903.58,67905.0,99.58882
81,2026-03-23 02:00:00,67905.0,68082.83,67842.33,67847.2,159.20722
82,2026-03-23 02:15:00,67847.2,68317.38,67801.67,68263.65,152.54856
83,2026-03-23 02:30:00,68264.05,68400.0,68200.0,68240.69,204.9584
84,2026-03-23 02:45:00,68240.7,68327.06,68169.3,68320.72,111.19089
85,2026-03-23 03:00:00,68320.72,68585.12,68239.09,68244.8,134.21204
86,2026-03-23 03:15:00,68244.8,68280.57,68175.98,68204.2,104.48712
87,2026-03-23 03:30:00,68204.2,68231.35,68107.0,68206.72,106.3376
88,2026-03-23 03:45:00,68206.72,68235.29,68059.88,68074.6,70.76371
89,2026-03-23 04:00:00,68074.6,68224.0,68057.56,68168.19,98.43004
90,2026-03-23 04:15:00,68168.2,68230.7,68119.68,68230.69,78.36773
91,2026-03-23 04:30:00,68230.7,68375.99,68220.43,68266.26,88.3313
92,2026-03-23 04:45:00,68266.27,68550.0,68266.26,68541.0,221.48242
93,2026-03-23 05:00:00,68541.0,68800.0,68541.0,68764.83,357.88041
94,2026-03-23 05:15:00,68764.83,68915.4,68679.55,68694.33,200.3298
95,2026-03-23 05:30:00,68694.33,68844.44,68592.51,68621.13,381.73747
96,2026-03-23 05:45:00,68621.13,68902.78,68568.22,68899.92,222.60185
97,2026-03-23 06:00:00,68899.92,68904.42,68502.83,68610.8,234.9596
98,2026-03-23 06:15:00,68610.8,68694.05,68506.77,68562.0,278.07133
99,2026-03-23 06:30:00,68562.0,68572.36,67706.42,67818.26,421.29763
100,2026-03-23 06:45:00,67818.27,67947.49,67698.86,67874.19,284.55361
101,2026-03-23 07:00:00,67874.2,67998.14,67502.48,67943.45,416.14889
102,2026-03-23 07:15:00,67943.46,67999.99,67650.01,67810.17,231.7413
103,2026-03-23 07:30:00,67810.18,68339.75,67777.04,68330.25,462.86114
104,2026-03-23 07:45:00,68330.24,68464.42,68281.99,68333.16,835.60676
105,2026-03-23 08:00:00,68333.16,68678.0,68333.16,68650.93,204.61941
106,2026-03-23 08:15:00,68651.16,68696.91,68446.88,68469.71,187.12871
107,2026-03-23 08:30:00,68469.71,68654.26,68406.81,68545.52,401.04421
108,2026-03-23 08:45:00,68545.52,68572.64,68328.55,68434.26,445.63885
109,2026-03-23 09:00:00,68434.27,68471.11,68216.85,68283.02,83.43692
110,2026-03-23 09:15:00,68283.02,68354.69,68145.46,68256.73,83.108
111,2026-03-23 09:30:00,68256.73,68256.74,67916.14,68145.5,157.81065
112,2026-03-23 09:45:00,68145.5,68334.01,68140.25,68334.01,57.96028
113,2026-03-23 10:00:00,68334.01,68714.28,68301.21,68602.78,246.59942
114,2026-03-23 10:15:00,68602.79,68627.66,68410.0,68462.79,84.57144
115,2026-03-23 10:30:00,68462.78,68485.44,68299.82,68418.68,67.64369
116,2026-03-23 10:45:00,68418.69,68579.99,68372.99,68551.02,96.04054
117,2026-03-23 11:00:00,68551.02,71499.0,68544.15,70963.07,3836.10868
118,2026-03-23 11:15:00,70963.19,71265.23,70289.58,70702.57,1402.848
119,2026-03-23 11:30:00,70702.58,71208.99,70389.54,70669.98,915.40276
120,2026-03-23 11:45:00,70670.0,70700.8,70053.43,70122.15,895.99628
121,2026-03-23 12:00:00,70122.15,70276.58,69671.95,69992.78,756.46998
122,2026-03-23 12:15:00,69992.77,70507.38,69967.88,70350.93,364.03399
123,2026-03-23 12:30:00,70350.93,70796.41,70171.99,70719.04,470.18576
124,2026-03-23 12:45:00,70719.04,70877.35,70589.0,70752.15,324.9765
125,2026-03-23 13:00:00,70752.14,70922.34,70600.0,70749.76,283.15629
126,2026-03-23 13:15:00,70749.77,70914.28,70749.77,70815.73,144.53058
127,2026-03-23 13:30:00,70815.73,71417.76,70660.0,71219.99,631.89055
128,2026-03-23 13:45:00,71219.99,71587.98,71024.65,71481.13,652.94442
129,2026-03-23 14:00:00,71481.13,71817.09,71391.92,71524.82,689.72259
130,2026-03-23 14:15:00,71524.82,71734.81,71288.71,71353.19,406.99711
131,2026-03-23 14:30:00,71353.19,71530.55,71221.76,71385.8,298.66654
132,2026-03-23 14:45:00,71385.07,71518.54,71127.14,71446.46,267.79103
133,2026-03-23 15:00:00,71446.46,71660.01,71366.25,71371.26,215.86217
134,2026-03-23 15:15:00,71371.26,71391.38,70874.53,70900.13,452.60194
135,2026-03-23 15:30:00,70900.13,70951.22,70582.0,70660.56,346.62595
136,2026-03-23 15:45:00,70660.56,70853.13,70103.21,70131.48,1036.61923
137,2026-03-23 16:00:00,70131.48,70549.09,70131.47,70525.19,426.53105
138,2026-03-23 16:15:00,70525.19,70558.0,70214.75,70214.75,273.94273
139,2026-03-23 16:30:00,70214.75,70514.0,70147.99,70464.67,288.45022
140,2026-03-23 16:45:00,70464.67,70753.43,70433.92,70561.54,378.94518
141,2026-03-23 17:00:00,70561.54,70733.82,70473.88,70629.53,179.98021
142,2026-03-23 17:15:00,70629.53,70660.92,70363.63,70535.68,99.36017
143,2026-03-23 17:30:00,70534.5,71078.89,70522.73,70886.86,273.33501
144,2026-03-23 17:45:00,70886.86,71119.09,70871.23,71085.16,121.02868
145,2026-03-23 18:00:00,71085.16,71166.27,70899.73,70973.69,171.30258
146,2026-03-23 18:15:00,70973.69,71042.88,70879.85,70882.7,138.93053
147,2026-03-23 18:30:00,70882.7,71157.77,70882.7,71046.83,147.10759
148,2026-03-23 18:45:00,71046.83,71195.21,70980.0,71076.22,136.54972
149,2026-03-23 19:00:00,71076.22,71246.01,70874.52,70935.03,301.70626
150,2026-03-23 19:15:00,70935.03,71085.85,70824.0,71031.95,82.02505
151,2026-03-23 19:30:00,71031.95,71066.93,70855.67,70904.35,64.55106
152,2026-03-23 19:45:00,70904.34,70996.0,70649.4,70679.05,167.57583
153,2026-03-23 20:00:00,70679.04,70798.43,70559.03,70795.16,153.14678
154,2026-03-23 20:15:00,70795.17,70830.25,70746.06,70811.17,86.07785
155,2026-03-23 20:30:00,70811.17,70983.33,70794.56,70949.28,80.09321
156,2026-03-23 20:45:00,70949.28,70958.01,70874.02,70915.59,74.72725
157,2026-03-23 21:00:00,70915.59,70987.24,70827.66,70827.66,67.33273
158,2026-03-23 21:15:00,70827.67,70919.68,70827.66,70894.08,30.39105
159,2026-03-23 21:30:00,70894.08,70998.0,70874.32,70936.0,74.41394
160,2026-03-23 21:45:00,70936.0,70973.44,70827.66,70851.35,50.41086
161,2026-03-23 22:00:00,70851.36,70896.76,70568.18,70727.6,96.77852
162,2026-03-23 22:15:00,70726.4,70726.41,70608.19,70636.01,47.65827
163,2026-03-23 22:30:00,70636.01,70712.45,70520.22,70712.45,76.78004
164,2026-03-23 22:45:00,70712.44,70797.89,70678.78,70780.22,58.76617
165,2026-03-23 23:00:00,70780.22,70810.11,70549.3,70552.81,79.15743
166,2026-03-23 23:15:00,70552.81,70710.0,70404.39,70707.2,88.11442
167,2026-03-23 23:30:00,70707.2,70800.0,70621.72,70767.17,44.89372
168,2026-03-23 23:45:00,70767.18,70998.0,70730.0,70906.45,155.97775
169,2026-03-24 00:00:00,70906.45,71099.96,70773.86,70786.55,228.21799
170,2026-03-24 00:15:00,70786.55,70823.01,70654.01,70720.55,144.45054
171,2026-03-24 00:30:00,70720.56,70734.0,70423.36,70592.21,287.93802
172,2026-03-24 00:45:00,70592.2,70817.84,70582.4,70679.2,75.22315
173,2026-03-24 01:00:00,70679.2,70712.13,70508.0,70565.48,101.82442
174,2026-03-24 01:15:00,70565.48,70877.4,70505.42,70828.15,73.66674
175,2026-03-24 01:30:00,70828.15,70891.53,70278.46,70392.31,373.54057
176,2026-03-24 01:45:00,70392.31,70577.12,70365.02,70516.57,181.27198
177,2026-03-24 02:00:00,70516.57,70698.0,70428.81,70466.0,95.57887
178,2026-03-24 02:15:00,70466.0,70627.19,70418.26,70559.73,124.38212
179,2026-03-24 02:30:00,70559.73,70644.38,70369.46,70531.31,153.73321
180,2026-03-24 02:45:00,70531.31,70595.74,70430.62,70453.37,58.29378
181,2026-03-24 03:00:00,70453.38,70543.75,70404.54,70503.1,149.88083
182,2026-03-24 03:15:00,70503.1,70583.36,70475.99,70541.65,116.92605
183,2026-03-24 03:30:00,70541.64,70555.19,70433.03,70489.98,55.8973
184,2026-03-24 03:45:00,70489.98,70570.24,70453.27,70542.9,58.27114
185,2026-03-24 04:00:00,70542.9,70741.64,70520.32,70636.56,102.09919
186,2026-03-24 04:15:00,70636.56,70660.91,70532.31,70532.32,106.53177
187,2026-03-24 04:30:00,70532.32,70532.32,70302.33,70340.32,132.39749
188,2026-03-24 04:45:00,70340.32,70430.54,70247.91,70372.44,133.88797
189,2026-03-24 05:00:00,70372.45,70374.38,70150.39,70161.04,261.13657
190,2026-03-24 05:15:00,70161.04,70341.77,70119.06,70181.25,152.91268
191,2026-03-24 05:30:00,70181.26,70367.82,70152.0,70326.12,70.55402
192,2026-03-24 05:45:00,70326.12,70373.74,70250.8,70283.85,157.09031
193,2026-03-24 06:00:00,70283.84,70404.26,70253.23,70364.14,176.49157
194,2026-03-24 06:15:00,70364.14,70456.09,70319.39,70378.56,369.31891
195,2026-03-24 06:30:00,70378.56,70517.73,70378.56,70470.01,180.51216
196,2026-03-24 06:45:00,70470.01,70572.83,70432.03,70541.38,123.73484
197,2026-03-24 07:00:00,70541.39,70913.83,70488.0,70835.04,342.3301
198,2026-03-24 07:15:00,70835.04,71030.0,70789.13,70929.92,563.99555
199,2026-03-24 07:30:00,70929.92,70968.0,70819.93,70902.71,358.16728
200,2026-03-24 07:45:00,70902.7,71400.0,70828.74,71291.7,458.18409
201,2026-03-24 08:00:00,71291.7,71349.1,71086.0,71132.08,261.27138
202,2026-03-24 08:15:00,71132.08,71132.08,70860.36,70914.41,133.21831
203,2026-03-24 08:30:00,70914.4,71080.24,70850.11,71068.93,193.42226
204,2026-03-24 08:45:00,71068.93,71095.87,70888.0,70964.15,137.36436
205,2026-03-24 09:00:00,70964.16,71041.4,70867.15,70876.04,94.35629
206,2026-03-24 09:15:00,70876.04,71041.4,70851.77,71014.7,105.06045
207,2026-03-24 09:30:00,71014.7,71243.14,70977.9,71242.7,102.71249
208,2026-03-24 09:45:00,71242.7,71368.61,71159.35,71316.97,209.37524
209,2026-03-24 10:00:00,71316.98,71328.59,71218.35,71264.83,163.51964
210,2026-03-24 10:15:00,71264.83,71264.83,71112.13,71114.64,169.14423
211,2026-03-24 10:30:00,71114.65,71272.54,71078.09,71244.13,186.70072
212,2026-03-24 10:45:00,71244.35,71289.17,71142.22,71272.87,161.45087
213,2026-03-24 11:00:00,71272.87,71272.87,70984.18,71119.61,166.02422
214,2026-03-24 11:15:00,71119.61,71124.6,70964.94,71067.21,115.69431
215,2026-03-24 11:30:00,71067.2,71324.95,71036.16,71244.0,157.46415
216,2026-03-24 11:45:00,71244.0,71327.26,71028.0,71157.77,121.1496
217,2026-03-24 12:00:00,71157.77,71177.66,70976.71,71074.01,123.84727
218,2026-03-24 12:15:00,71074.01,71112.23,70992.89,71085.9,59.96753
219,2026-03-24 12:30:00,71085.89,71085.9,70860.18,70900.0,95.72705
220,2026-03-24 12:45:00,70900.01,71027.51,70872.32,70956.48,181.27625
221,2026-03-24 13:00:00,70956.48,71059.59,70649.6,70829.23,295.38531
222,2026-03-24 13:15:00,70829.23,70861.32,70568.18,70598.69,195.15947
223,2026-03-24 13:30:00,70598.7,70781.55,70251.3,70321.51,581.85439
224,2026-03-24 13:45:00,70321.52,70442.0,69968.02,70100.46,657.22438
225,2026-03-24 14:00:00,70100.46,70462.91,69747.22,69858.64,417.9106
226,2026-03-24 14:15:00,69858.64,70089.41,69788.25,70000.41,373.0872
227,2026-03-24 14:30:00,70000.41,70131.96,69768.11,69846.28,284.85396
228,2026-03-24 14:45:00,69846.28,70060.6,69507.34,69869.93,897.17013
229,2026-03-24 15:00:00,69869.93,70055.91,69856.21,69966.0,416.55691
230,2026-03-24 15:15:00,69966.0,70255.37,69916.0,70029.61,455.82561
231,2026-03-24 15:30:00,70029.61,70209.58,69770.85,70058.12,359.13373
232,2026-03-24 15:45:00,70058.12,70193.19,69861.14,69873.04,188.15552
233,2026-03-24 16:00:00,69873.04,69940.43,69796.0,69915.27,161.02671
234,2026-03-24 16:15:00,69915.27,70001.92,69655.26,69798.32,190.31641
235,2026-03-24 16:30:00,69798.32,69855.85,69340.08,69564.81,365.29919
236,2026-03-24 16:45:00,69565.36,69619.09,69420.15,69476.87,173.11897
237,2026-03-24 17:00:00,69476.88,69512.73,69114.99,69237.43,379.67167
238,2026-03-24 17:15:00,69237.42,69288.54,69102.0,69177.17,233.00043
239,2026-03-24 17:30:00,69177.16,69330.0,68923.87,68946.27,362.3775
240,2026-03-24 17:45:00,68946.28,69260.0,68923.07,69238.43,319.19337
241,2026-03-24 18:00:00,69238.44,69385.66,69168.64,69366.35,235.22358
242,2026-03-24 18:15:00,69365.86,69496.1,69272.21,69408.35,208.41376
243,2026-03-24 18:30:00,69408.34,69746.4,69374.91,69530.83,258.42336
244,2026-03-24 18:45:00,69530.84,69569.36,69423.73,69430.24,106.00513
245,2026-03-24 19:00:00,69430.25,69644.85,69430.24,69640.8,214.70337
246,2026-03-24 19:15:00,69640.8,69700.0,69527.85,69537.72,105.34053
247,2026-03-24 19:30:00,69537.72,69540.0,69371.55,69445.56,115.79905
248,2026-03-24 19:45:00,69445.55,69445.55,69277.04,69377.33,111.58306
249,2026-03-24 20:00:00,69377.33,69415.54,69296.15,69415.54,66.05058
250,2026-03-24 20:15:00,69415.54,70295.54,69415.54,70012.33,493.76024
251,2026-03-24 20:30:00,70012.33,70215.11,69963.52,70059.59,257.61419
252,2026-03-24 20:45:00,70059.59,70247.29,69912.44,70093.19,201.02653
253,2026-03-24 21:00:00,70093.19,70231.28,69935.25,69992.84,170.48995
254,2026-03-24 21:15:00,69993.75,70107.42,69901.39,70059.91,125.37998
255,2026-03-24 21:30:00,70059.91,70400.0,70034.55,70275.75,237.67406
256,2026-03-24 21:45:00,70275.76,70391.4,70204.5,70332.93,153.10864
257,2026-03-24 22:00:00,70332.93,70586.86,70219.58,70543.52,176.62076
258,2026-03-24 22:15:00,70543.51,70543.51,70200.0,70238.88,271.17629
259,2026-03-24 22:30:00,70238.88,70330.01,70140.5,70288.01,119.75517
260,2026-03-24 22:45:00,70288.01,70391.65,70245.83,70316.96,119.36281
261,2026-03-24 23:00:00,70316.96,70581.77,70270.0,70536.45,164.8331
262,2026-03-24 23:15:00,70536.46,70758.37,70506.84,70748.6,257.32757
263,2026-03-24 23:30:00,70748.6,70832.54,70665.42,70665.43,254.54411
264,2026-03-24 23:45:00,70665.43,70694.26,70541.19,70556.74,64.69733
265,2026-03-25 00:00:00,70556.74,70753.65,70528.17,70726.0,130.0744
266,2026-03-25 00:15:00,70726.0,70730.54,70570.91,70668.99,63.02635
267,2026-03-25 00:30:00,70669.0,71100.28,70476.9,70923.89,432.78254
268,2026-03-25 00:45:00,70923.9,70995.3,70791.05,70840.75,158.44754
269,2026-03-25 01:00:00,70840.75,70977.35,70709.99,70803.63,299.52469
270,2026-03-25 01:15:00,70803.63,70841.88,70691.5,70763.47,175.8075
271,2026-03-25 01:30:00,70763.47,70810.53,70629.72,70738.5,105.36619
272,2026-03-25 01:45:00,70738.5,70820.05,70677.18,70677.18,43.49359
273,2026-03-25 02:00:00,70677.19,70705.73,70550.58,70609.08,138.3394
274,2026-03-25 02:15:00,70609.08,70671.36,70533.33,70595.04,218.24419
275,2026-03-25 02:30:00,70595.05,70781.39,70518.81,70695.96,129.24897
276,2026-03-25 02:45:00,70695.96,70740.81,70490.77,70531.09,97.0316
277,2026-03-25 03:00:00,70531.1,70573.92,70426.69,70494.0,181.87577
278,2026-03-25 03:15:00,70494.0,70550.01,70408.0,70530.14,183.85803
279,2026-03-25 03:30:00,70530.15,70808.37,70530.15,70743.9,102.71378
280,2026-03-25 03:45:00,70743.91,70805.43,70716.7,70716.7,44.70538
281,2026-03-25 04:00:00,70716.7,70900.0,70703.83,70850.39,79.8152
282,2026-03-25 04:15:00,70850.38,70948.85,70783.92,70865.74,262.68796
283,2026-03-25 04:30:00,70865.74,70886.54,70726.2,70769.2,193.5323
284,2026-03-25 04:45:00,70769.21,70977.49,70732.67,70968.64,87.42475
285,2026-03-25 05:00:00,70968.64,71345.0,70940.0,71245.33,505.86814
286,2026-03-25 05:15:00,71245.33,71250.87,71088.88,71198.74,126.15791
287,2026-03-25 05:30:00,71198.74,71250.0,71112.6,71220.93,107.58574
288,2026-03-25 05:45:00,71220.93,71244.09,71076.42,71117.66,110.57993
289,2026-03-25 06:00:00,71117.65,71164.17,71006.85,71076.02,146.65779
290,2026-03-25 06:15:00,71076.02,71260.0,71076.01,71234.41,285.53353
291,2026-03-25 06:30:00,71234.42,71250.0,71162.97,71201.0,222.74842
292,2026-03-25 06:45:00,71201.01,71229.34,70984.67,70991.83,279.81904
293,2026-03-25 07:00:00,70991.82,71150.32,70958.73,71142.98,99.36644
294,2026-03-25 07:15:00,71142.98,71150.0,71048.92,71069.56,55.44074
295,2026-03-25 07:30:00,71069.57,71270.11,71053.53,71056.76,147.02112
296,2026-03-25 07:45:00,71056.75,71084.89,70891.31,70926.88,168.89644
297,2026-03-25 08:00:00,70926.88,71010.92,70800.0,70811.41,212.93358
298,2026-03-25 08:15:00,70811.41,71250.0,70811.41,71192.19,170.02552
299,2026-03-25 08:30:00,71192.18,71503.94,71187.19,71478.32,635.51621
300,2026-03-25 08:45:00,71478.32,71478.33,71223.95,71248.39,132.35607
301,2026-03-25 09:00:00,71248.4,71385.72,71225.83,71334.03,208.92965
302,2026-03-25 09:15:00,71334.03,71404.25,71172.96,71268.2,126.95095
303,2026-03-25 09:30:00,71268.2,71326.0,71228.34,71263.02,107.48741
304,2026-03-25 09:45:00,71263.02,71415.12,71101.99,71345.91,155.05906
305,2026-03-25 10:00:00,71345.91,71456.76,71291.69,71420.0,137.1613
306,2026-03-25 10:15:00,71420.0,71482.0,71371.37,71405.92,77.53481
307,2026-03-25 10:30:00,71405.92,71436.31,71325.02,71436.31,87.56258
308,2026-03-25 10:45:00,71436.31,71641.91,71436.3,71501.39,182.96292
309,2026-03-25 11:00:00,71501.4,71605.0,71470.49,71599.09,105.39561
310,2026-03-25 11:15:00,71599.1,71931.5,71599.1,71870.28,275.01154
311,2026-03-25 11:30:00,71870.29,72026.09,71774.19,71813.42,499.75368
312,2026-03-25 11:45:00,71813.43,71813.43,71528.84,71678.97,172.87148
313,2026-03-25 12:00:00,71678.97,71847.28,71678.97,71750.01,105.27805
314,2026-03-25 12:15:00,71750.0,71750.34,71105.43,71341.68,386.15366
315,2026-03-25 12:30:00,71341.67,71482.0,71189.97,71369.58,142.89253
316,2026-03-25 12:45:00,71369.59,71955.17,71287.07,71715.24,398.59762
317,2026-03-25 13:00:00,71715.24,71858.48,71630.44,71708.42,242.72944
318,2026-03-25 13:15:00,71708.42,71711.34,71563.56,71621.96,153.15548
319,2026-03-25 13:30:00,71621.97,71963.71,71617.29,71728.55,368.44547
320,2026-03-25 13:45:00,71728.54,71830.37,71515.84,71581.42,217.94548
321,2026-03-25 14:00:00,71581.42,71699.87,71291.78,71392.91,345.29708
322,2026-03-25 14:15:00,71392.91,71542.38,71267.79,71366.26,239.85027
323,2026-03-25 14:30:00,71366.67,71556.39,71302.56,71365.99,118.96592
324,2026-03-25 14:45:00,71366.0,71438.9,71230.51,71234.28,106.32765
325,2026-03-25 15:00:00,71234.28,71301.37,70745.56,70825.25,511.58774
326,2026-03-25 15:15:00,70825.25,71025.78,70530.47,71023.6,492.21575
327,2026-03-25 15:30:00,71023.61,71093.72,70814.71,70878.43,214.45758
328,2026-03-25 15:45:00,70878.43,70951.47,70776.26,70832.99,166.58489
329,2026-03-25 16:00:00,70832.99,70990.0,70719.26,70874.45,255.40675
330,2026-03-25 16:15:00,70874.44,71752.88,70832.0,71506.63,650.98036
331,2026-03-25 16:30:00,71506.21,71635.8,71388.0,71467.51,244.5744
332,2026-03-25 16:45:00,71467.51,71473.86,71250.06,71324.01,132.86177
333,2026-03-25 17:00:00,71324.01,71389.14,71101.7,71148.33,126.55189
334,2026-03-25 17:15:00,71148.32,71202.0,70945.56,71077.88,236.33084
335,2026-03-25 17:30:00,71077.89,71077.89,70845.04,70913.4,144.76358
336,2026-03-25 17:45:00,70913.41,70977.43,70720.38,70779.0,155.33958
337,2026-03-25 18:00:00,70778.99,70944.0,70748.75,70922.94,145.37682
338,2026-03-25 18:15:00,70922.94,71149.07,70922.94,70974.43,131.2493
339,2026-03-25 18:30:00,70974.43,71012.94,70789.96,70848.76,125.49254
340,2026-03-25 18:45:00,70848.76,70978.0,70681.07,70810.34,133.1806
341,2026-03-25 19:00:00,70810.34,71012.0,70777.58,70851.83,105.22233
342,2026-03-25 19:15:00,70851.84,70980.17,70827.15,70970.65,142.11639
343,2026-03-25 19:30:00,70969.83,71093.37,70868.18,70940.0,92.42901
344,2026-03-25 19:45:00,70940.0,70997.72,70777.51,70883.31,173.29171
345,2026-03-25 20:00:00,70883.32,70909.59,70681.99,70743.67,142.28063
346,2026-03-25 20:15:00,70743.67,70810.17,70646.34,70710.85,194.9091
347,2026-03-25 20:30:00,70710.85,70946.29,70706.97,70946.29,101.2538
348,2026-03-25 20:45:00,70946.29,71058.82,70900.0,71009.5,135.13798
349,2026-03-25 21:00:00,71009.5,71174.5,70960.21,71164.66,138.11823
350,2026-03-25 21:15:00,71164.67,71175.0,70949.3,70984.04,118.02871
351,2026-03-25 21:30:00,70984.04,71103.36,70972.71,71067.98,71.04831
352,2026-03-25 21:45:00,71067.99,71106.81,70974.75,71035.24,52.66883
353,2026-03-25 22:00:00,71035.25,71138.93,70969.12,70993.18,89.88533
354,2026-03-25 22:15:00,70993.19,71091.42,70947.61,71042.87,30.27067
355,2026-03-25 22:30:00,71042.87,71594.11,71036.32,71374.34,314.81286
356,2026-03-25 22:45:00,71374.34,71462.91,71322.71,71369.08,70.90686
357,2026-03-25 23:00:00,71369.07,71511.83,71327.69,71327.7,170.46748
358,2026-03-25 23:15:00,71327.7,71439.39,71238.88,71359.59,79.53427
359,2026-03-25 23:30:00,71359.58,71375.03,71194.97,71216.47,88.99739
360,2026-03-25 23:45:00,71216.47,71379.17,71189.55,71336.53,44.33999
361,2026-03-26 00:00:00,71336.53,71372.73,71191.08,71250.0,100.42194
362,2026-03-26 00:15:00,71250.0,71379.78,71216.7,71306.6,169.081
363,2026-03-26 00:30:00,71306.59,71398.05,71282.0,71355.88,147.95298
364,2026-03-26 00:45:00,71355.88,71436.82,71142.38,71299.27,130.97021
365,2026-03-26 01:00:00,71299.27,71368.98,71194.1,71269.6,119.46457
366,2026-03-26 01:15:00,71269.6,71377.04,71159.06,71319.69,68.95197
367,2026-03-26 01:30:00,71319.69,71355.3,71235.77,71259.48,284.64219
368,2026-03-26 01:45:00,71259.48,71298.22,71189.0,71252.11,49.10965
369,2026-03-26 02:00:00,71252.11,71289.49,71061.67,71091.99,57.35181
370,2026-03-26 02:15:00,71092.0,71093.84,70889.3,70894.93,278.87366
371,2026-03-26 02:30:00,70894.93,70917.49,70672.37,70868.64,189.53526
372,2026-03-26 02:45:00,70868.64,70916.71,70841.77,70893.01,50.13404
373,2026-03-26 03:00:00,70893.01,70968.66,70761.79,70968.66,62.94526
374,2026-03-26 03:15:00,70968.66,70968.66,70685.69,70713.14,85.86856
375,2026-03-26 03:30:00,70713.14,70900.14,70713.13,70850.74,144.7545
376,2026-03-26 03:45:00,70850.75,70921.48,70781.63,70921.47,216.98118
377,2026-03-26 04:00:00,70921.47,70921.47,70740.8,70755.06,145.75616
378,2026-03-26 04:15:00,70755.07,70872.41,70721.46,70868.66,54.78448
379,2026-03-26 04:30:00,70868.65,70899.02,70828.47,70839.99,104.4952
380,2026-03-26 04:45:00,70840.0,70884.84,70761.11,70772.01,128.07848
381,2026-03-26 05:00:00,70772.01,70796.32,70446.79,70559.07,508.80492
382,2026-03-26 05:15:00,70559.07,70636.56,70510.54,70577.2,124.61928
383,2026-03-26 05:30:00,70577.19,70624.0,70288.4,70310.9,183.45466
384,2026-03-26 05:45:00,70310.89,70372.0,69942.96,70016.98,454.86303
385,2026-03-26 06:00:00,70016.97,70100.0,69855.73,70068.0,381.26084
386,2026-03-26 06:15:00,70067.47,70137.63,69905.61,70059.5,188.78775
387,2026-03-26 06:30:00,70059.5,70098.94,69979.61,70000.32,219.46028
388,2026-03-26 06:45:00,70000.32,70152.63,69991.0,70097.18,226.68124
389,2026-03-26 07:00:00,70097.19,70167.6,70010.31,70048.5,170.92778
390,2026-03-26 07:15:00,70048.5,70093.36,69906.86,69969.87,245.37394
391,2026-03-26 07:30:00,69969.87,70112.08,69805.0,70071.97,205.66256
392,2026-03-26 07:45:00,70071.97,70163.84,70050.5,70087.44,91.07384
393,2026-03-26 08:00:00,70087.44,70127.69,69896.62,69924.82,131.90498
394,2026-03-26 08:15:00,69924.82,70011.1,69821.47,69826.84,99.98766
395,2026-03-26 08:30:00,69826.84,69952.75,69806.39,69937.32,154.75814
396,2026-03-26 08:45:00,69937.32,70047.63,69902.0,70024.77,124.1774
397,2026-03-26 09:00:00,70024.78,70144.44,69930.7,70028.91,252.88685
398,2026-03-26 09:15:00,70028.91,70049.24,69883.39,70028.12,212.03736
399,2026-03-26 09:30:00,70028.11,70028.11,69426.38,69506.64,647.65047
400,2026-03-26 09:45:00,69506.64,69621.02,69409.67,69562.41,200.50338
401,2026-03-26 10:00:00,69562.41,69635.49,69503.98,69579.23,250.76737
402,2026-03-26 10:15:00,69579.23,69719.96,69577.76,69661.45,109.65424
403,2026-03-26 10:30:00,69661.45,69661.46,69505.01,69548.18,131.49742
404,2026-03-26 10:45:00,69548.18,69575.36,69464.58,69517.68,202.23691
405,2026-03-26 11:00:00,69517.68,69667.56,69433.33,69566.06,174.96537
406,2026-03-26 11:15:00,69566.06,69582.73,69192.96,69321.37,337.21066
407,2026-03-26 11:30:00,69321.37,69461.1,69313.0,69398.0,156.63524
408,2026-03-26 11:45:00,69398.0,69439.87,69271.51,69276.01,134.85512
409,2026-03-26 12:00:00,69276.01,69413.3,69226.34,69375.23,170.81991
410,2026-03-26 12:15:00,69375.23,69431.0,69331.0,69420.65,139.84513
411,2026-03-26 12:30:00,69420.65,69459.58,69241.62,69365.73,156.87616
412,2026-03-26 12:45:00,69365.74,69461.28,69365.73,69436.42,122.28258
413,2026-03-26 13:00:00,69436.42,69573.6,69414.07,69484.14,267.31971
414,2026-03-26 13:15:00,69484.15,69527.89,69375.51,69400.14,176.34198
415,2026-03-26 13:30:00,69400.14,69547.35,69218.0,69547.35,306.71892
416,2026-03-26 13:45:00,69547.35,69877.45,69502.0,69646.59,611.21808
417,2026-03-26 14:00:00,69646.59,69837.12,69522.02,69608.4,252.45127
418,2026-03-26 14:15:00,69608.4,69708.92,69406.28,69611.03,194.55575
419,2026-03-26 14:30:00,69611.03,69772.0,69494.49,69516.89,232.36686
420,2026-03-26 14:45:00,69516.88,69554.75,69259.25,69479.92,263.98321
421,2026-03-26 15:00:00,69479.91,69497.73,68904.49,68950.99,599.48736
422,2026-03-26 15:15:00,68950.76,69082.87,68632.4,69030.49,685.63862
423,2026-03-26 15:30:00,69030.49,69069.69,68902.08,68988.75,212.7524
424,2026-03-26 15:45:00,68988.76,69220.01,68983.86,69082.64,307.19744
425,2026-03-26 16:00:00,69082.64,69082.64,68950.11,69022.57,278.51322
426,2026-03-26 16:15:00,69022.57,69142.94,68855.84,68888.01,384.31803
427,2026-03-26 16:30:00,68888.01,69002.03,68823.21,68918.29,181.89564
428,2026-03-26 16:45:00,68918.28,68979.9,68855.0,68932.52,104.79985
429,2026-03-26 17:00:00,68932.53,69047.76,68904.02,68921.51,128.29158
430,2026-03-26 17:15:00,68921.5,69086.91,68911.89,69082.98,86.71782
431,2026-03-26 17:30:00,69082.97,69162.0,68931.23,68957.74,169.61533
432,2026-03-26 17:45:00,68957.75,68960.27,68377.83,68486.86,745.90343
433,2026-03-26 18:00:00,68486.86,68603.75,68314.48,68459.44,298.59245
434,2026-03-26 18:15:00,68459.44,68459.44,68153.0,68203.58,512.46491
435,2026-03-26 18:30:00,68203.59,68360.26,68184.35,68336.67,415.30943
436,2026-03-26 18:45:00,68336.67,68503.03,68313.47,68497.25,176.19983
437,2026-03-26 19:00:00,68497.25,68520.29,68395.63,68457.4,104.84101
438,2026-03-26 19:15:00,68457.41,68578.8,68385.51,68435.96,127.44982
439,2026-03-26 19:30:00,68435.96,68677.1,68358.8,68633.12,145.18346
440,2026-03-26 19:45:00,68633.12,68681.54,68494.05,68534.36,166.4983
441,2026-03-26 20:00:00,68534.37,69478.42,68436.74,69201.99,775.98365
442,2026-03-26 20:15:00,69202.0,69346.29,69073.99,69168.99,507.69527
443,2026-03-26 20:30:00,69168.99,69306.13,69082.58,69158.79,164.03569
444,2026-03-26 20:45:00,69158.8,69201.37,68865.2,69005.21,259.94173
445,2026-03-26 21:00:00,69005.21,69007.62,68880.83,68912.92,174.20725
446,2026-03-26 21:15:00,68912.92,69205.43,68879.05,69092.49,177.2481
447,2026-03-26 21:30:00,69092.48,69130.97,68968.34,69020.98,119.69057
448,2026-03-26 21:45:00,69020.98,69029.52,68904.12,68921.1,127.54185
449,2026-03-26 22:00:00,68921.1,69028.89,68863.29,68955.84,98.36862
450,2026-03-26 22:15:00,68955.84,68978.48,68603.24,68754.44,191.49442
451,2026-03-26 22:30:00,68754.44,68833.19,68708.0,68796.22,107.34421
452,2026-03-26 22:45:00,68796.22,68892.67,68769.98,68892.67,87.18669
453,2026-03-26 23:00:00,68892.66,68994.16,68793.89,68817.63,119.52745
454,2026-03-26 23:15:00,68817.63,68850.0,68640.0,68735.8,114.42358
455,2026-03-26 23:30:00,68735.8,68784.28,68652.0,68754.78,96.95435
456,2026-03-26 23:45:00,68754.78,68847.16,68740.35,68820.31,59.51297
457,2026-03-27 00:00:00,68820.31,68965.15,68705.64,68940.0,278.39623
458,2026-03-27 00:15:00,68940.0,68956.53,68732.26,68732.26,78.15821
459,2026-03-27 00:30:00,68732.26,68787.73,68531.37,68718.75,220.78917
460,2026-03-27 00:45:00,68718.74,68786.34,68600.0,68785.01,57.11653
461,2026-03-27 01:00:00,68785.0,68883.1,68700.0,68863.48,244.13683
462,2026-03-27 01:15:00,68863.49,68950.0,68831.13,68909.84,173.67141
463,2026-03-27 01:30:00,68909.84,68943.95,68849.0,68900.66,70.39769
464,2026-03-27 01:45:00,68900.67,69066.51,68873.93,69051.27,66.85099
465,2026-03-27 02:00:00,69051.27,69179.05,69045.74,69057.22,159.30803
466,2026-03-27 02:15:00,69057.22,69057.22,68955.5,69023.45,163.03815
467,2026-03-27 02:30:00,69023.45,69071.67,68862.0,68920.51,369.92158
468,2026-03-27 02:45:00,68920.5,68978.92,68876.5,68903.59,256.18866
469,2026-03-27 03:00:00,68903.58,68924.0,68668.72,68751.83,253.95876
470,2026-03-27 03:15:00,68751.83,68848.95,68725.41,68839.31,82.26469
471,2026-03-27 03:30:00,68839.31,68910.63,68810.01,68869.56,73.76483
472,2026-03-27 03:45:00,68869.56,68884.19,68767.5,68767.51,166.99944
473,2026-03-27 04:00:00,68767.5,68791.4,68304.14,68405.24,344.26488
474,2026-03-27 04:15:00,68405.23,68566.36,68394.62,68534.05,236.61672
475,2026-03-27 04:30:00,68534.06,68624.81,68505.76,68591.86,195.02131
476,2026-03-27 04:45:00,68591.85,68635.82,68567.22,68578.0,70.57457
477,2026-03-27 05:00:00,68577.99,68820.0,68554.0,68814.43,176.04808
478,2026-03-27 05:15:00,68814.43,68865.88,68589.6,68599.39,109.62757
479,2026-03-27 05:30:00,68599.4,68717.16,68511.79,68602.79,284.04147
480,2026-03-27 05:45:00,68602.79,68632.14,68563.62,68630.77,204.03094
481,2026-03-27 06:00:00,68630.76,68752.62,68567.62,68751.32,84.21733
482,2026-03-27 06:15:00,68751.32,68846.0,68711.38,68789.13,216.84315
483,2026-03-27 06:30:00,68789.13,68830.44,68727.54,68737.45,266.26434
484,2026-03-27 06:45:00,68737.44,68737.44,68636.0,68656.15,104.76338
485,2026-03-27 07:00:00,68656.16,68900.0,68599.56,68851.44,184.35675
486,2026-03-27 07:15:00,68851.44,68955.53,68804.66,68924.84,150.23599
487,2026-03-27 07:30:00,68924.84,68947.6,68548.32,68602.44,552.13151
488,2026-03-27 07:45:00,68602.45,68647.27,68399.18,68540.48,755.0402
489,2026-03-27 08:00:00,68540.49,68635.07,68460.0,68476.06,308.96493
490,2026-03-27 08:15:00,68476.06,68516.2,68230.0,68239.13,266.86604
491,2026-03-27 08:30:00,68239.12,68301.99,67609.29,67825.04,997.84737
492,2026-03-27 08:45:00,67825.04,68057.81,67759.28,67920.5,243.90455
493,2026-03-27 09:00:00,67920.51,67950.01,67548.67,67749.67,359.7
494,2026-03-27 09:15:00,67749.68,67960.32,67743.35,67936.31,138.69001
495,2026-03-27 09:30:00,67936.3,67936.31,67712.28,67723.8,174.24067
496,2026-03-27 09:45:00,67723.8,67880.78,67680.85,67695.81,139.62026
497,2026-03-27 10:00:00,67695.81,67770.0,67612.02,67670.68,143.28969
498,2026-03-27 10:15:00,67670.69,67778.99,67662.19,67765.55,91.65557
499,2026-03-27 10:30:00,67765.55,67773.0,66809.63,66906.57,1467.04733
500,2026-03-27 10:45:00,66906.58,66940.93,66326.38,66502.41,1310.93371
501,2026-03-27 11:00:00,66502.41,66626.0,66231.96,66619.17,708.8347
502,2026-03-27 11:15:00,66619.18,66740.38,66602.01,66712.91,405.19824
503,2026-03-27 11:30:00,66712.92,66771.63,66651.25,66764.79,297.37694
504,2026-03-27 11:45:00,66764.79,66848.05,66673.95,66702.78,271.79217
505,2026-03-27 12:00:00,66702.78,66773.25,66603.18,66650.0,261.68883
506,2026-03-27 12:15:00,66650.01,66717.18,66526.54,66540.5,244.53938
507,2026-03-27 12:30:00,66540.49,66641.33,66432.19,66617.39,278.02341
508,2026-03-27 12:45:00,66617.4,66685.43,66479.73,66619.76,180.30519
509,2026-03-27 13:00:00,66619.75,66730.0,66522.0,66533.19,214.7454
510,2026-03-27 13:15:00,66533.19,66720.0,66491.1,66697.8,196.24555
511,2026-03-27 13:30:00,66697.8,66757.3,66144.06,66514.51,1471.61176
512,2026-03-27 13:45:00,66514.51,66575.74,66025.0,66188.32,545.12227
513,2026-03-27 14:00:00,66188.31,66404.0,66100.0,66361.24,497.76036
514,2026-03-27 14:15:00,66361.23,66376.79,65730.17,65737.82,1079.68312
515,2026-03-27 14:30:00,65737.82,66003.55,65737.81,65900.79,474.18875
516,2026-03-27 14:45:00,65900.79,66249.38,65786.39,66205.06,423.86694
517,2026-03-27 15:00:00,66205.07,66294.28,66100.0,66243.15,529.26471
518,2026-03-27 15:15:00,66243.15,66458.57,65958.75,66332.98,681.0996
519,2026-03-27 15:30:00,66332.99,66638.25,66280.47,66399.04,672.89157
520,2026-03-27 15:45:00,66399.05,66471.0,66097.93,66112.82,522.00493
521,2026-03-27 16:00:00,66112.82,66112.83,65812.43,65978.14,403.74495
522,2026-03-27 16:15:00,65976.76,66100.0,65815.98,65955.45,258.91425
523,2026-03-27 16:30:00,65955.44,66029.7,65815.98,66023.7,316.69344
524,2026-03-27 16:45:00,66023.7,66177.99,65846.0,65979.29,247.38257
525,2026-03-27 17:00:00,65979.29,66290.0,65938.3,66209.99,261.91938
526,2026-03-27 17:15:00,66209.99,66279.27,65862.73,65865.1,268.77358
527,2026-03-27 17:30:00,65865.09,65919.33,65600.0,65631.7,304.67956
528,2026-03-27 17:45:00,65631.7,65738.6,65602.11,65632.92,166.78867
529,2026-03-27 18:00:00,65632.93,65784.81,65591.26,65620.39,389.04226
530,2026-03-27 18:15:00,65620.39,65860.41,65548.25,65763.5,190.92902
531,2026-03-27 18:30:00,65763.5,65876.25,65727.91,65799.98,219.38903
532,2026-03-27 18:45:00,65799.99,65951.96,65796.18,65836.69,116.46054
533,2026-03-27 19:00:00,65836.69,65851.84,65700.0,65775.16,133.64126
534,2026-03-27 19:15:00,65775.16,65989.03,65741.77,65925.48,255.60169
535,2026-03-27 19:30:00,65925.48,66042.24,65869.2,65928.8,122.34247
536,2026-03-27 19:45:00,65928.81,66145.0,65877.35,66040.66,306.75468
537,2026-03-27 20:00:00,66040.65,66152.51,66003.56,66004.52,242.26284
538,2026-03-27 20:15:00,66004.52,66090.07,65817.44,65900.32,119.61205
539,2026-03-27 20:30:00,65900.33,65957.86,65826.29,65896.7,84.72348
540,2026-03-27 20:45:00,65896.71,66095.44,65890.0,66020.76,64.49688
541,2026-03-27 21:00:00,66020.77,66186.01,66013.0,66151.33,214.83136
542,2026-03-27 21:15:00,66151.32,66180.09,66105.9,66151.47,143.13533
543,2026-03-27 21:30:00,66151.47,66176.17,66045.39,66129.89,92.00454
544,2026-03-27 21:45:00,66129.89,66139.99,66031.49,66098.0,186.74239
545,2026-03-27 22:00:00,66098.0,66098.01,65958.0,66000.0,187.54202
546,2026-03-27 22:15:00,65999.99,66052.09,65944.8,66020.91,304.58977
547,2026-03-27 22:30:00,66020.92,66061.4,65920.0,66041.85,185.56193
548,2026-03-27 22:45:00,66041.85,66076.39,66014.36,66020.79,62.17043
549,2026-03-27 23:00:00,66020.79,66100.0,65970.25,66096.8,70.92661
550,2026-03-27 23:15:00,66096.8,66221.76,66069.44,66190.76,85.06814
551,2026-03-27 23:30:00,66190.77,66301.36,66166.51,66291.05,158.66654
552,2026-03-27 23:45:00,66291.06,66420.75,66283.34,66407.28,190.26057
553,2026-03-28 00:00:00,66407.28,66473.75,66293.35,66306.23,133.07295
554,2026-03-28 00:15:00,66306.23,66398.83,66306.22,66375.01,129.38077
555,2026-03-28 00:30:00,66375.01,66520.46,66375.0,66489.14,122.07226
556,2026-03-28 00:45:00,66489.14,66493.69,66415.17,66431.55,115.36474
557,2026-03-28 01:00:00,66431.54,66431.55,66115.08,66154.94,176.62538
558,2026-03-28 01:15:00,66154.94,66284.38,66150.96,66217.1,85.38528
559,2026-03-28 01:30:00,66217.09,66286.84,66056.09,66137.21,168.19568
560,2026-03-28 01:45:00,66137.22,66202.87,66107.35,66178.85,182.96539
561,2026-03-28 02:00:00,66178.86,66251.67,66149.01,66197.31,120.44648
562,2026-03-28 02:15:00,66197.3,66226.39,66021.0,66052.62,88.96135
563,2026-03-28 02:30:00,66052.62,66071.54,65932.09,66032.52,121.28738
564,2026-03-28 02:45:00,66032.52,66068.38,65976.45,66053.2,159.70402
565,2026-03-28 03:00:00,66053.2,66161.12,66053.19,66130.13,57.61403
566,2026-03-28 03:15:00,66130.13,66188.18,66130.13,66179.04,200.57621
567,2026-03-28 03:30:00,66179.04,66248.61,66143.67,66231.64,224.23106
568,2026-03-28 03:45:00,66231.65,66259.66,66182.05,66240.0,223.54406
569,2026-03-28 04:00:00,66240.0,66240.01,66110.0,66123.66,110.80199
570,2026-03-28 04:15:00,66123.67,66294.65,66123.66,66267.75,64.95999
571,2026-03-28 04:30:00,66267.76,66297.01,66252.42,66297.01,117.763
572,2026-03-28 04:45:00,66297.01,66304.72,66233.42,66285.01,159.31786
573,2026-03-28 05:00:00,66285.01,66300.0,66202.01,66250.54,137.59726
574,2026-03-28 05:15:00,66250.55,66407.96,66224.57,66336.79,122.52412
575,2026-03-28 05:30:00,66336.79,66366.99,66289.39,66345.01,151.10963
576,2026-03-28 05:45:00,66345.0,66369.09,66316.42,66341.9,264.39524
577,2026-03-28 06:00:00,66341.9,66411.68,66308.93,66367.48,71.95715
578,2026-03-28 06:15:00,66367.47,66500.0,66362.42,66461.72,140.34257
579,2026-03-28 06:30:00,66461.72,66499.75,66423.16,66426.0,129.55406
580,2026-03-28 06:45:00,66426.0,66450.57,66347.08,66382.0,144.11638
581,2026-03-28 07:00:00,66382.0,66453.68,66379.8,66437.73,69.05159
582,2026-03-28 07:15:00,66437.73,66487.69,66430.26,66471.17,185.0335
583,2026-03-28 07:30:00,66471.16,66471.16,66429.99,66429.99,246.50116
584,2026-03-28 07:45:00,66430.0,66573.61,66430.0,66561.48,236.79592
585,2026-03-28 08:00:00,66561.49,66570.09,66476.9,66500.17,426.18356
586,2026-03-28 08:15:00,66500.25,66559.6,66496.19,66552.28,66.44252
587,2026-03-28 08:30:00,66552.27,66556.89,66421.61,66421.61,105.24037
588,2026-03-28 08:45:00,66421.62,66463.92,66387.06,66409.33,110.48247
589,2026-03-28 09:00:00,66409.34,66416.77,66313.48,66349.92,134.96419
590,2026-03-28 09:15:00,66349.91,66400.0,66294.84,66354.06,248.16124
591,2026-03-28 09:30:00,66354.07,66359.05,66243.01,66259.49,140.18002
592,2026-03-28 09:45:00,66259.5,66315.98,66243.05,66311.32,110.7858
593,2026-03-28 10:00:00,66311.32,66411.79,66288.72,66323.76,35.03678
594,2026-03-28 10:15:00,66323.76,66343.47,66158.01,66169.67,98.30311
595,2026-03-28 10:30:00,66169.68,66228.72,66124.4,66192.19,135.22798
596,2026-03-28 10:45:00,66192.19,66236.66,66174.75,66221.38,37.55556
597,2026-03-28 11:00:00,66221.37,66294.33,66201.91,66254.0,61.53072
598,2026-03-28 11:15:00,66254.0,66325.93,66240.86,66325.93,41.9721
599,2026-03-28 11:30:00,66325.93,66333.03,66298.33,66323.92,60.72666
600,2026-03-28 11:45:00,66323.92,66358.0,66304.52,66319.47,59.19357
601,2026-03-28 12:00:00,66319.46,66417.58,66240.87,66406.28,87.68633
602,2026-03-28 12:15:00,66406.29,66527.01,66406.28,66440.7,119.2833
603,2026-03-28 12:30:00,66440.7,66440.71,66290.0,66368.24,59.48739
604,2026-03-28 12:45:00,66368.24,66465.65,66351.36,66455.09,77.64946
605,2026-03-28 13:00:00,66455.1,66514.07,66427.68,66477.15,53.80339
606,2026-03-28 13:15:00,66477.16,66500.0,66407.65,66469.92,82.36806
607,2026-03-28 13:30:00,66469.93,67163.99,66457.64,66940.95,630.67766
608,2026-03-28 13:45:00,66940.95,67010.16,66771.22,66835.1,273.72991
609,2026-03-28 14:00:00,66835.1,66939.86,66741.51,66775.92,211.7753
610,2026-03-28 14:15:00,66775.92,66851.44,66718.15,66816.01,108.10321
611,2026-03-28 14:30:00,66816.0,66938.54,66707.56,66887.5,105.96135
612,2026-03-28 14:45:00,66887.5,66967.01,66666.66,66742.1,144.65883
613,2026-03-28 15:00:00,66742.09,66891.73,66717.15,66875.38,76.51667
614,2026-03-28 15:15:00,66875.38,67288.94,66860.34,67028.67,529.7607
615,2026-03-28 15:30:00,67028.67,67150.92,66977.62,67051.88,104.47535
616,2026-03-28 15:45:00,67051.88,67068.43,66929.39,67014.91,60.93451
617,2026-03-28 16:00:00,67014.92,67094.14,66926.44,67026.78,122.09013
618,2026-03-28 16:15:00,67026.77,67096.77,67026.77,67074.07,62.09388
619,2026-03-28 16:30:00,67074.07,67074.07,66893.36,66899.41,74.97265
620,2026-03-28 16:45:00,66899.41,66939.85,66855.24,66926.95,83.54856
621,2026-03-28 17:00:00,66926.94,66996.61,66882.79,66920.7,51.98017
622,2026-03-28 17:15:00,66920.7,66920.7,66772.72,66778.5,113.31075
623,2026-03-28 17:30:00,66778.49,66919.44,66704.0,66812.71,100.63542
624,2026-03-28 17:45:00,66812.71,66870.34,66763.97,66846.21,44.97028
625,2026-03-28 18:00:00,66846.2,66963.51,66846.2,66939.21,59.60507
626,2026-03-28 18:15:00,66939.21,66939.22,66870.33,66881.22,28.09422
627,2026-03-28 18:30:00,66881.22,66949.35,66834.87,66949.34,89.30106
628,2026-03-28 18:45:00,66949.35,66949.35,66883.94,66908.03,57.04134
629,2026-03-28 19:00:00,66908.03,66954.0,66804.71,66844.16,52.41849
630,2026-03-28 19:15:00,66844.16,66867.91,66826.37,66860.09,40.9868
631,2026-03-28 19:30:00,66860.09,66903.55,66837.53,66837.53,41.80814
632,2026-03-28 19:45:00,66837.53,66916.53,66828.86,66916.52,67.754
633,2026-03-28 20:00:00,66916.52,67010.0,66916.52,66999.84,76.4588
634,2026-03-28 20:15:00,66999.85,67010.0,66906.94,66919.07,34.7104
635,2026-03-28 20:30:00,66919.07,67003.35,66910.0,66911.7,38.18041
636,2026-03-28 20:45:00,66911.7,66970.37,66906.0,66906.0,113.37704
637,2026-03-28 21:00:00,66906.0,66926.31,66789.58,66836.1,40.11413
638,2026-03-28 21:15:00,66836.1,66855.13,66807.73,66850.54,126.72305
639,2026-03-28 21:30:00,66850.54,66890.56,66807.84,66862.03,31.85244
640,2026-03-28 21:45:00,66862.03,66862.04,66600.01,66685.53,92.38064
641,2026-03-28 22:00:00,66685.53,66721.14,66603.39,66605.92,66.23453
642,2026-03-28 22:15:00,66605.92,66787.49,66588.22,66778.8,90.06802
643,2026-03-28 22:30:00,66778.8,66788.88,66703.99,66703.99,20.80993
644,2026-03-28 22:45:00,66704.0,66773.13,66695.54,66755.88,47.36184
645,2026-03-28 23:00:00,66755.88,66755.88,66289.43,66400.75,142.35741
646,2026-03-28 23:15:00,66400.74,66436.89,66283.38,66393.63,79.93813
647,2026-03-28 23:30:00,66393.63,66480.0,66381.25,66388.23,68.5369
648,2026-03-28 23:45:00,66388.23,66418.0,66318.0,66377.03,42.57731
649,2026-03-29 00:00:00,66377.04,66471.29,66361.94,66412.28,69.48811
650,2026-03-29 00:15:00,66412.29,66480.37,66281.4,66399.76,84.72553
651,2026-03-29 00:30:00,66399.76,66463.71,66363.95,66400.82,69.62238
652,2026-03-29 00:45:00,66400.82,66500.0,66392.0,66487.93,61.3363
653,2026-03-29 01:00:00,66487.93,66596.65,66479.86,66555.61,144.30315
654,2026-03-29 01:15:00,66555.61,66620.0,66520.54,66550.33,41.02223
655,2026-03-29 01:30:00,66550.33,66559.44,66385.88,66477.88,40.95931
656,2026-03-29 01:45:00,66477.88,66600.0,66426.0,66569.22,68.907
657,2026-03-29 02:00:00,66569.22,66647.0,66540.96,66643.31,50.02851
658,2026-03-29 02:15:00,66643.31,66720.19,66588.65,66654.65,64.37932
659,2026-03-29 02:30:00,66654.66,66754.06,66577.7,66712.21,65.60784
660,2026-03-29 02:45:00,66712.21,66843.66,66687.01,66818.0,113.81768
661,2026-03-29 03:00:00,66818.01,66822.79,66760.48,66802.23,350.83055
662,2026-03-29 03:15:00,66802.23,67130.5,66766.56,66975.97,196.43293
663,2026-03-29 03:30:00,66975.97,67007.73,66908.1,66921.48,47.60287
664,2026-03-29 03:45:00,66921.48,66949.76,66863.13,66912.0,66.08025
665,2026-03-29 04:00:00,66912.0,66936.6,66850.02,66914.5,48.49261
666,2026-03-29 04:15:00,66914.51,66914.51,66772.04,66816.72,62.83542
667,2026-03-29 04:30:00,66816.73,66848.17,66780.0,66800.88,20.64009
668,2026-03-29 04:45:00,66800.88,66800.89,66717.51,66735.14,36.60428
669,2026-03-29 05:00:00,66735.14,66750.0,66668.79,66690.0,80.08486
670,2026-03-29 05:15:00,66690.0,66749.99,66605.67,66631.03,148.8042
671,2026-03-29 05:30:00,66631.03,66677.18,66597.1,66672.92,32.74543
672,2026-03-29 05:45:00,66672.92,66828.05,66631.44,66771.94,156.81115
673,2026-03-29 06:00:00,66771.94,66872.0,66771.94,66817.01,82.39077
674,2026-03-29 06:15:00,66817.01,66867.34,66636.0,66701.93,191.6207
675,2026-03-29 06:30:00,66701.93,66727.48,66662.54,66678.88,56.01749
676,2026-03-29 06:45:00,66678.87,66771.63,66658.96,66738.5,88.71721
677,2026-03-29 07:00:00,66738.5,66738.5,66556.78,66602.46,70.89694
678,2026-03-29 07:15:00,66602.45,66692.93,66585.34,66681.41,170.08145
679,2026-03-29 07:30:00,66681.41,66714.56,66617.82,66637.98,60.72684
680,2026-03-29 07:45:00,66637.98,66752.61,66606.22,66671.0,44.40204
681,2026-03-29 08:00:00,66671.0,66756.83,66622.57,66654.18,38.06618
682,2026-03-29 08:15:00,66654.18,66683.22,66600.0,66680.02,46.15179
683,2026-03-29 08:30:00,66680.02,66772.83,66680.01,66741.82,37.7866
684,2026-03-29 08:45:00,66741.81,66751.18,66702.39,66724.0,55.05566
685,2026-03-29 09:00:00,66724.0,66773.02,66589.86,66696.24,89.49356
686,2026-03-29 09:15:00,66696.24,66726.14,66640.34,66673.6,36.65772
687,2026-03-29 09:30:00,66673.59,66697.25,66549.54,66581.57,64.04028
688,2026-03-29 09:45:00,66581.58,66642.07,66581.58,66634.01,34.851
689,2026-03-29 10:00:00,66634.01,66634.02,66500.02,66548.07,120.4865
690,2026-03-29 10:15:00,66548.07,66557.38,66429.37,66468.21,110.95234
691,2026-03-29 10:30:00,66468.21,66549.54,66418.0,66545.09,72.34014
692,2026-03-29 10:45:00,66545.95,66573.41,66498.15,66502.79,42.08602
693,2026-03-29 11:00:00,66502.8,66861.0,66502.79,66767.96,118.46769
694,2026-03-29 11:15:00,66767.95,66853.66,66739.0,66834.02,68.05027
695,2026-03-29 11:30:00,66834.02,66923.81,66767.39,66903.98,67.45174
696,2026-03-29 11:45:00,66903.98,66988.01,66801.32,66816.28,82.69306
697,2026-03-29 12:00:00,66816.29,66851.58,66770.55,66773.06,33.8173
698,2026-03-29 12:15:00,66773.05,66816.31,66729.65,66781.62,54.0146
699,2026-03-29 12:30:00,66781.63,66805.16,66703.07,66738.0,51.9588
700,2026-03-29 12:45:00,66738.0,66870.34,66729.27,66849.88,46.06579
701,2026-03-29 13:00:00,66849.88,66875.24,66524.28,66606.37,187.37677
702,2026-03-29 13:15:00,66606.38,66699.75,66561.54,66628.0,67.76846
703,2026-03-29 13:30:00,66627.99,66687.3,66610.0,66669.94,50.53981
704,2026-03-29 13:45:00,66669.95,66686.48,66544.1,66580.36,53.87886
705,2026-03-29 14:00:00,66580.36,66797.01,66461.0,66672.92,186.40697
706,2026-03-29 14:15:00,66672.92,66691.72,66527.0,66538.5,54.34348
707,2026-03-29 14:30:00,66538.5,66617.14,66510.87,66574.96,70.39146
708,2026-03-29 14:45:00,66574.96,66595.33,66506.32,66589.64,61.75468
709,2026-03-29 15:00:00,66589.64,66730.6,66516.35,66597.3,120.91329
710,2026-03-29 15:15:00,66597.96,66670.33,66336.8,66420.74,125.66021
711,2026-03-29 15:30:00,66420.74,66465.4,66334.37,66456.12,219.48335
712,2026-03-29 15:45:00,66456.12,66543.24,66423.61,66523.0,52.21413
713,2026-03-29 16:00:00,66523.01,66558.11,66445.89,66447.22,57.1208
714,2026-03-29 16:15:00,66447.23,66665.05,66435.75,66617.19,77.93289
715,2026-03-29 16:30:00,66617.2,66618.94,66531.51,66540.0,60.49799
716,2026-03-29 16:45:00,66540.0,66567.93,66488.01,66499.35,37.01137
717,2026-03-29 17:00:00,66499.36,66546.0,66404.68,66422.35,47.84732
718,2026-03-29 17:15:00,66422.36,66422.36,66158.26,66262.41,168.83583
719,2026-03-29 17:30:00,66262.41,66422.43,66233.42,66392.26,64.61206
720,2026-03-29 17:45:00,66392.26,66435.48,66356.05,66385.84,47.8611
721,2026-03-29 18:00:00,66385.84,66417.0,66321.66,66402.54,35.22311
722,2026-03-29 18:15:00,66402.54,66463.89,66361.34,66397.51,36.76206
723,2026-03-29 18:30:00,66397.5,66540.43,66397.5,66430.59,35.8719
724,2026-03-29 18:45:00,66430.58,66463.35,66390.97,66427.26,39.57306
725,2026-03-29 19:00:00,66427.27,66450.0,66390.43,66436.9,32.07521
726,2026-03-29 19:15:00,66436.89,66477.2,66397.29,66425.94,116.51059
727,2026-03-29 19:30:00,66425.95,66477.81,66337.32,66391.74,76.11972
728,2026-03-29 19:45:00,66391.73,66426.09,66323.3,66348.62,60.96819
729,2026-03-29 20:00:00,66348.61,66511.9,66348.61,66461.17,45.82043
730,2026-03-29 20:15:00,66461.17,66793.83,66461.17,66705.65,156.22596
731,2026-03-29 20:30:00,66705.64,66719.0,66596.26,66596.27,30.74054
732,2026-03-29 20:45:00,66596.27,66626.72,66566.26,66614.05,47.26808
733,2026-03-29 21:00:00,66614.04,66672.0,66509.41,66554.62,76.10481
734,2026-03-29 21:15:00,66554.61,66675.96,66533.78,66653.87,38.35065
735,2026-03-29 21:30:00,66653.87,66695.1,66602.61,66640.32,50.23272
736,2026-03-29 21:45:00,66640.33,66756.51,66640.32,66710.12,55.41829
737,2026-03-29 22:00:00,66710.12,66710.12,66229.99,66306.35,173.56942
738,2026-03-29 22:15:00,66306.34,66491.12,66272.0,66384.51,72.89071
739,2026-03-29 22:30:00,66384.51,66425.85,65638.44,65684.25,640.86358
740,2026-03-29 22:45:00,65684.24,65983.35,65000.0,65860.31,1331.79608
741,2026-03-29 23:00:00,65860.31,66382.98,65859.91,66102.11,399.5249
742,2026-03-29 23:15:00,66102.12,66305.22,65960.9,66010.01,178.5758
743,2026-03-29 23:30:00,66010.01,66094.64,65868.79,66029.24,191.14592
744,2026-03-29 23:45:00,66029.24,66168.42,65885.13,66010.93,161.2708
745,2026-03-30 00:00:00,66010.93,66086.94,65802.0,65853.46,129.74171
746,2026-03-30 00:15:00,65853.46,67059.66,65800.59,66574.21,798.47077
747,2026-03-30 00:30:00,66574.21,66740.69,66192.73,66331.53,243.26172
748,2026-03-30 00:45:00,66331.53,66419.35,66111.11,66280.25,157.40065
749,2026-03-30 01:00:00,66280.24,66566.66,66280.24,66400.2,152.39059
750,2026-03-30 01:15:00,66400.66,66660.32,66328.38,66603.24,125.63442
751,2026-03-30 01:30:00,66603.24,66731.64,66530.33,66668.0,164.15027
752,2026-03-30 01:45:00,66668.0,66834.79,66599.34,66653.74,243.69605
753,2026-03-30 02:00:00,66653.74,66860.47,66580.01,66840.58,173.04775
754,2026-03-30 02:15:00,66840.58,66901.44,66687.71,66755.66,121.00828
755,2026-03-30 02:30:00,66755.66,67040.28,66600.0,67038.75,271.0711
756,2026-03-30 02:45:00,67038.75,67450.0,66992.92,67121.01,655.47504
757,2026-03-30 03:00:00,67121.01,67145.75,66977.62,67012.46,109.30315
758,2026-03-30 03:15:00,67012.46,67294.16,67001.23,67242.74,158.62371
759,2026-03-30 03:30:00,67242.73,67282.28,67134.23,67196.14,116.59633
760,2026-03-30 03:45:00,67196.14,67319.33,67124.25,67173.8,81.74285
761,2026-03-30 04:00:00,67173.8,67493.46,67167.92,67432.49,198.7502
762,2026-03-30 04:15:00,67432.48,67650.01,67378.67,67449.19,304.16776
763,2026-03-30 04:30:00,67449.18,67560.96,67386.35,67419.76,180.3966
764,2026-03-30 04:45:00,67419.77,67647.87,67419.77,67616.29,126.25775
765,2026-03-30 05:00:00,67616.28,67800.0,67581.55,67646.15,276.94525
766,2026-03-30 05:15:00,67646.14,67728.77,67595.04,67665.0,96.4261
767,2026-03-30 05:30:00,67665.0,67701.99,67460.0,67500.01,119.7881
768,2026-03-30 05:45:00,67500.01,67561.29,67442.0,67492.46,133.99687
769,2026-03-30 06:00:00,67492.46,67585.97,67418.58,67447.09,106.3942
770,2026-03-30 06:15:00,67447.08,67462.34,67283.3,67309.99,263.07958
771,2026-03-30 06:30:00,67310.0,67399.46,67278.53,67365.1,185.26669
772,2026-03-30 06:45:00,67365.1,67428.25,67296.7,67305.14,167.04303
773,2026-03-30 07:00:00,67305.14,67458.38,67227.88,67383.02,93.84927
774,2026-03-30 07:15:00,67383.02,67437.1,67300.0,67327.99,113.43232
775,2026-03-30 07:30:00,67328.0,67428.25,67289.31,67318.24,163.78922
776,2026-03-30 07:45:00,67318.24,67624.39,67302.41,67624.39,213.40025
777,2026-03-30 08:00:00,67624.39,67907.66,67608.49,67893.92,532.4805
778,2026-03-30 08:15:00,67893.92,67911.7,67737.25,67765.16,475.83142
779,2026-03-30 08:30:00,67765.15,67946.02,67734.8,67761.01,270.58038
780,2026-03-30 08:45:00,67761.0,67822.87,67604.56,67666.44,450.25946
781,2026-03-30 09:00:00,67666.44,67698.62,67580.59,67580.59,261.82135
782,2026-03-30 09:15:00,67580.6,67655.61,67510.0,67518.37,140.82877
783,2026-03-30 09:30:00,67518.37,67564.72,67460.0,67556.95,134.80479
784,2026-03-30 09:45:00,67556.95,67593.17,67468.0,67495.46,69.98782
785,2026-03-30 10:00:00,67495.46,67502.95,67402.0,67440.51,92.82338
786,2026-03-30 10:15:00,67440.51,67492.91,67418.98,67424.01,42.14861
787,2026-03-30 10:30:00,67424.01,67437.52,67360.41,67433.32,77.53526
788,2026-03-30 10:45:00,67433.32,67518.37,67423.8,67488.53,43.12941
789,2026-03-30 11:00:00,67488.88,67585.97,67488.88,67585.96,69.46575
790,2026-03-30 11:15:00,67585.96,68042.3,67542.16,67690.49,402.01303
791,2026-03-30 11:30:00,67690.5,67748.57,67511.01,67596.01,222.99654
792,2026-03-30 11:45:00,67596.01,67739.0,67587.51,67680.45,96.38676
793,2026-03-30 12:00:00,67680.44,67873.89,67666.17,67850.19,131.08971
794,2026-03-30 12:15:00,67850.19,67979.93,67802.5,67861.24,267.848
795,2026-03-30 12:30:00,67861.24,67965.72,67820.48,67883.35,139.5998
796,2026-03-30 12:45:00,67883.36,67950.0,67844.52,67899.59,89.11698
797,2026-03-30 13:00:00,67899.59,67968.99,67841.99,67915.01,121.09681
798,2026-03-30 13:15:00,67915.01,68169.65,67878.85,67878.85,525.54884
799,2026-03-30 13:30:00,67878.85,68042.0,67706.52,67714.36,402.211
800,2026-03-30 13:45:00,67714.36,67838.29,67428.57,67529.52,331.13512
801,2026-03-30 14:00:00,67529.52,67753.78,67468.75,67678.92,205.88928
802,2026-03-30 14:15:00,67678.92,67706.59,67242.5,67313.59,266.74133
803,2026-03-30 14:30:00,67313.59,67404.48,67113.2,67123.93,358.4187
804,2026-03-30 14:45:00,67123.93,67864.49,67088.73,67799.54,374.52266
805,2026-03-30 15:00:00,67799.54,67878.87,67554.51,67561.67,312.18382
806,2026-03-30 15:15:00,67561.67,67606.31,67407.63,67522.8,248.56512
807,2026-03-30 15:30:00,67522.8,67896.89,67462.57,67751.6,231.42668
808,2026-03-30 15:45:00,67751.6,67788.75,67598.38,67629.4,172.52911
809,2026-03-30 16:00:00,67629.4,67641.65,67339.59,67441.4,173.73027
810,2026-03-30 16:15:00,67441.4,67475.04,67287.96,67351.12,147.39113
811,2026-03-30 16:30:00,67351.12,67508.13,67311.66,67372.33,199.8281
812,2026-03-30 16:45:00,67372.33,67441.88,67222.0,67368.1,139.31843
813,2026-03-30 17:00:00,67368.1,67465.2,67157.18,67185.24,171.65004
814,2026-03-30 17:15:00,67185.24,67188.94,66650.0,66805.26,462.95009
815,2026-03-30 17:30:00,66805.26,66958.94,66762.0,66958.03,158.80208
816,2026-03-30 17:45:00,66958.04,66990.67,66782.13,66828.02,124.31152
817,2026-03-30 18:00:00,66828.02,66929.18,66705.27,66825.05,103.77209
818,2026-03-30 18:15:00,66825.05,66856.69,66581.07,66700.12,162.01508
819,2026-03-30 18:30:00,66700.12,66819.65,66576.47,66739.53,102.85891
820,2026-03-30 18:45:00,66739.53,66787.03,66508.25,66653.46,129.4713
821,2026-03-30 19:00:00,66653.45,66664.57,66300.0,66425.62,201.95107
822,2026-03-30 19:15:00,66425.62,66457.99,66233.13,66310.09,133.6574
823,2026-03-30 19:30:00,66310.1,66403.55,66243.37,66339.0,109.30595
824,2026-03-30 19:45:00,66339.0,66573.54,66292.11,66550.05,152.98344
825,2026-03-30 20:00:00,66550.06,66691.48,66523.75,66598.34,108.28472
826,2026-03-30 20:15:00,66598.34,66672.96,66553.92,66655.94,89.52793
827,2026-03-30 20:30:00,66655.95,66682.82,66554.01,66664.66,63.35719
828,2026-03-30 20:45:00,66664.66,66674.9,66610.02,66651.4,63.44218
829,2026-03-30 21:00:00,66651.41,66797.38,66587.32,66786.13,144.15659
830,2026-03-30 21:15:00,66786.13,66994.17,66771.61,66860.47,193.81215
831,2026-03-30 21:30:00,66860.47,66991.93,66820.64,66929.46,89.17362
832,2026-03-30 21:45:00,66929.46,66945.08,66799.58,66809.3,54.27964
833,2026-03-30 22:00:00,66809.3,66989.1,66702.34,66771.62,70.66192
834,2026-03-30 22:15:00,66771.62,66893.62,66728.34,66820.25,32.35902
835,2026-03-30 22:30:00,66820.26,66856.42,66743.86,66831.69,20.06954
836,2026-03-30 22:45:00,66831.69,66840.95,66683.72,66784.98,46.41268
837,2026-03-30 23:00:00,66784.97,66784.97,66419.79,66550.32,257.74703
838,2026-03-30 23:15:00,66550.32,66738.21,66522.97,66707.57,129.573
839,2026-03-30 23:30:00,66707.57,66778.29,66663.23,66765.9,190.2601
840,2026-03-30 23:45:00,66765.89,66797.38,66720.37,66797.37,120.66177
841,2026-03-31 00:00:00,66797.38,66821.35,66570.67,66653.19,135.6177
842,2026-03-31 00:15:00,66653.19,66831.54,66544.51,66815.48,97.9656
843,2026-03-31 00:30:00,66815.48,66954.65,66771.62,66942.98,158.71335
844,2026-03-31 00:45:00,66942.99,67303.33,66942.99,67208.75,266.64864
845,2026-03-31 01:00:00,67208.74,67288.0,67050.0,67234.97,100.73945
846,2026-03-31 01:15:00,67234.97,67881.96,67234.97,67775.48,359.53339
847,2026-03-31 01:30:00,67775.48,68408.37,67737.56,67933.31,839.43552
848,2026-03-31 01:45:00,67933.31,68050.94,67818.18,67938.54,158.34712
849,2026-03-31 02:00:00,67938.05,67986.41,67775.18,67916.59,129.57183
850,2026-03-31 02:15:00,67916.6,68096.87,67916.59,68049.04,151.07363
851,2026-03-31 02:30:00,68049.05,68064.29,67845.42,67989.27,82.67489
852,2026-03-31 02:45:00,67989.27,68087.44,67910.0,67943.43,71.86748
853,2026-03-31 03:00:00,67943.43,68009.99,67811.36,67916.86,65.3257
854,2026-03-31 03:15:00,67916.85,67964.6,67808.0,67845.35,70.38834
855,2026-03-31 03:30:00,67845.34,67925.2,67648.2,67728.91,186.65789
856,2026-03-31 03:45:00,67728.91,67758.7,67648.2,67704.74,65.50172
857,2026-03-31 04:00:00,67704.74,67788.75,67580.0,67673.78,356.38646
858,2026-03-31 04:15:00,67673.78,67979.38,67405.89,67599.83,356.30167
859,2026-03-31 04:30:00,67599.83,67660.22,67524.72,67600.93,286.2174
860,2026-03-31 04:45:00,67600.93,67687.56,67518.0,67544.01,150.98335
861,2026-03-31 05:00:00,67544.01,67621.06,67405.18,67428.25,119.37544
862,2026-03-31 05:15:00,67428.24,67663.7,67400.0,67613.99,206.05215
863,2026-03-31 05:30:00,67614.0,67715.45,67570.0,67673.56,129.01243
864,2026-03-31 05:45:00,67673.56,67780.34,67659.33,67681.68,198.9912
865,2026-03-31 06:00:00,67681.69,67711.02,67472.46,67476.14,130.77803
866,2026-03-31 06:15:00,67476.13,67515.39,67333.33,67410.7,142.72873
867,2026-03-31 06:30:00,67410.7,67474.76,67348.67,67410.71,180.05903
868,2026-03-31 06:45:00,67410.71,67532.42,67405.1,67492.85,57.71026
869,2026-03-31 07:00:00,67492.86,67524.65,67242.91,67294.69,168.23733
870,2026-03-31 07:15:00,67294.68,67310.0,67103.32,67288.37,351.52703
871,2026-03-31 07:30:00,67288.36,67401.4,67209.88,67323.15,418.75077
872,2026-03-31 07:45:00,67323.15,67444.26,67305.39,67367.69,641.46675
873,2026-03-31 08:00:00,67367.7,67496.0,67193.5,67351.38,202.12318
874,2026-03-31 08:15:00,67351.37,67444.9,67289.4,67310.57,135.96331
875,2026-03-31 08:30:00,67310.56,67310.56,66802.81,66842.82,306.88041
876,2026-03-31 08:45:00,66842.82,66936.46,66688.68,66778.33,252.87799
877,2026-03-31 09:00:00,66778.34,66924.33,66582.0,66693.24,282.48734
878,2026-03-31 09:15:00,66693.25,66707.04,66343.37,66429.75,660.0775
879,2026-03-31 09:30:00,66429.76,66525.38,66397.0,66503.83,175.89528
880,2026-03-31 09:45:00,66503.83,66511.87,65998.05,66124.99,394.02434
881,2026-03-31 10:00:00,66125.0,66392.69,66100.01,66381.3,237.24645
882,2026-03-31 10:15:00,66381.3,66466.56,66349.95,66388.82,197.40387
883,2026-03-31 10:30:00,66388.82,66439.9,66227.89,66283.65,188.79874
884,2026-03-31 10:45:00,66283.64,66471.08,66251.01,66363.38,164.82651
885,2026-03-31 11:00:00,66363.38,66584.35,66240.14,66576.68,282.78485
886,2026-03-31 11:15:00,66576.69,66922.58,66542.15,66644.0,440.39188
887,2026-03-31 11:30:00,66643.99,66833.37,66643.99,66730.53,169.44882
888,2026-03-31 11:45:00,66730.54,66730.54,66572.72,66685.69,96.76035
889,2026-03-31 12:00:00,66685.69,66797.35,66576.16,66576.18,153.83015
890,2026-03-31 12:15:00,66576.17,66829.54,66520.71,66799.02,150.5528
891,2026-03-31 12:30:00,66798.76,66939.9,66728.19,66904.44,121.02462
892,2026-03-31 12:45:00,66904.45,66922.1,66653.26,66653.26,113.59921
893,2026-03-31 13:00:00,66653.27,66844.63,66653.27,66826.01,109.90432
894,2026-03-31 13:15:00,66826.01,66950.0,66760.9,66807.65,91.08659
895,2026-03-31 13:30:00,66807.64,67204.61,66740.39,66972.97,427.06863
896,2026-03-31 13:45:00,66972.97,67412.11,66972.97,67302.29,459.16067
897,2026-03-31 14:00:00,67302.28,67542.0,67121.96,67343.29,349.92109
898,2026-03-31 14:15:00,67343.3,67767.87,67328.21,67737.99,359.74068
899,2026-03-31 14:30:00,67738.0,67753.14,67087.72,67222.48,272.47665
900,2026-03-31 14:45:00,67222.47,67222.48,66427.53,66587.45,503.23545
901,2026-03-31 15:00:00,66587.46,67283.25,66587.46,67241.7,479.95184
902,2026-03-31 15:15:00,67241.71,67280.2,66903.01,66955.99,247.02677
903,2026-03-31 15:30:00,66955.99,67151.02,66877.48,66935.0,148.26805
904,2026-03-31 15:45:00,66934.99,67053.56,66703.3,66736.8,150.34171
905,2026-03-31 16:00:00,66736.79,67006.75,66729.28,66931.28,174.13915
906,2026-03-31 16:15:00,66931.27,67197.36,66918.9,67096.25,150.79439
907,2026-03-31 16:30:00,67096.26,68030.19,66964.1,67776.04,595.47872
908,2026-03-31 16:45:00,67776.04,67902.48,67490.12,67665.83,413.62425
909,2026-03-31 17:00:00,67665.83,68492.19,67580.01,68454.01,845.02189
910,2026-03-31 17:15:00,68454.0,68589.49,67989.02,68034.0,636.3346
911,2026-03-31 17:30:00,68034.0,68116.0,67618.63,67712.83,383.82482
912,2026-03-31 17:45:00,67712.83,67770.0,67403.81,67526.75,330.632
913,2026-03-31 18:00:00,67526.76,67793.66,67526.3,67775.47,137.06051
914,2026-03-31 18:15:00,67775.46,67947.98,67631.64,67777.77,126.73008
915,2026-03-31 18:30:00,67777.76,67883.71,67640.53,67821.4,86.4165
916,2026-03-31 18:45:00,67821.41,67941.02,67743.22,67854.05,76.19303
917,2026-03-31 19:00:00,67854.04,68022.92,67844.96,67995.81,131.84315
918,2026-03-31 19:15:00,67995.81,68029.41,67860.72,67878.41,75.38205
919,2026-03-31 19:30:00,67878.42,67936.0,67716.35,67830.02,98.02701
920,2026-03-31 19:45:00,67830.01,67966.02,67730.0,67838.8,129.99249
921,2026-03-31 20:00:00,67838.79,68198.0,67831.7,68146.88,287.65647
922,2026-03-31 20:15:00,68146.88,68167.44,67939.3,68003.0,222.55489
923,2026-03-31 20:30:00,68003.01,68124.0,67953.37,68044.0,66.96292
924,2026-03-31 20:45:00,68043.99,68267.27,68015.31,68265.53,115.89147
925,2026-03-31 21:00:00,68265.53,68265.53,67962.05,68019.97,139.35951
926,2026-03-31 21:15:00,68019.97,68054.72,67884.0,68034.37,105.00013
927,2026-03-31 21:30:00,68034.37,68175.09,68030.55,68167.59,95.77525
928,2026-03-31 21:45:00,68167.6,68410.3,68161.78,68277.99,154.34607
929,2026-03-31 22:00:00,68278.0,68341.16,68053.34,68209.49,180.2727
930,2026-03-31 22:15:00,68209.48,68289.74,68078.8,68121.0,169.23168
931,2026-03-31 22:30:00,68120.99,68243.06,67962.27,68184.21,154.67468
932,2026-03-31 22:45:00,68184.21,68219.05,68107.94,68172.87,251.37313
933,2026-03-31 23:00:00,68173.59,68285.06,68090.2,68227.3,225.79583
934,2026-03-31 23:15:00,68227.3,68371.1,68184.0,68274.46,207.62062
935,2026-03-31 23:30:00,68274.45,68357.81,68231.93,68310.02,109.61426
936,2026-03-31 23:45:00,68310.02,68330.76,68211.94,68284.48,67.96204
937,2026-04-01 00:00:00,68284.49,68284.49,68030.0,68046.0,124.90553
938,2026-04-01 00:15:00,68046.0,68223.71,67913.97,68000.0,198.39822
939,2026-04-01 00:30:00,68000.0,68066.0,67853.3,68066.0,91.17536
940,2026-04-01 00:45:00,68066.0,68343.77,68034.39,68330.75,128.316
941,2026-04-01 01:00:00,68330.76,68378.64,68150.01,68265.74,170.25132
942,2026-04-01 01:15:00,68265.74,68265.74,68030.0,68046.0,177.16973
943,2026-04-01 01:30:00,68046.0,68119.34,67785.62,67958.01,331.1785
944,2026-04-01 01:45:00,67958.02,67962.24,67760.33,67782.73,288.08162
945,2026-04-01 02:00:00,67782.74,67913.41,67712.61,67847.24,512.77026
946,2026-04-01 02:15:00,67847.24,67913.98,67622.39,67639.41,146.84746
947,2026-04-01 02:30:00,67639.42,67725.34,67578.75,67663.35,173.89292
948,2026-04-01 02:45:00,67663.35,67743.87,67603.42,67668.89,280.66848
949,2026-04-01 03:00:00,67668.9,68118.67,67668.9,67990.15,158.99033
950,2026-04-01 03:15:00,67990.16,68027.22,67931.22,67973.15,61.56475
951,2026-04-01 03:30:00,67973.14,68083.88,67918.74,68062.97,113.59878
952,2026-04-01 03:45:00,68062.97,68250.0,68062.96,68170.67,217.79128
953,2026-04-01 04:00:00,68170.67,68260.0,68005.33,68075.22,202.98702
954,2026-04-01 04:15:00,68075.22,68230.71,68044.72,68157.76,289.45581
955,2026-04-01 04:30:00,68157.75,68276.28,68108.6,68226.91,63.52096
956,2026-04-01 04:45:00,68226.91,68476.26,68207.34,68303.83,155.91356
957,2026-04-01 05:00:00,68303.83,68423.34,68150.0,68401.53,144.57109
958,2026-04-01 05:15:00,68401.53,68755.51,68355.14,68585.97,403.46195
959,2026-04-01 05:30:00,68585.98,68649.54,68476.04,68507.87,163.45608
960,2026-04-01 05:45:00,68507.87,68559.95,68440.77,68456.02,105.99208
961,2026-04-01 06:00:00,68456.01,68699.66,68456.01,68649.99,144.04463
962,2026-04-01 06:15:00,68650.0,68882.36,68609.67,68859.77,270.34159
963,2026-04-01 06:30:00,68859.77,69226.79,68800.0,69209.37,512.63173
964,2026-04-01 06:45:00,69209.37,69236.78,69025.0,69102.85,314.27483
965,2026-04-01 07:00:00,69102.8,69310.0,69102.8,69179.68,274.63679
966,2026-04-01 07:15:00,69179.68,69184.09,68855.84,68896.74,403.16359
967,2026-04-01 07:30:00,68896.74,68991.59,68851.42,68892.97,467.74036
968,2026-04-01 07:45:00,68892.97,68920.61,68667.02,68692.0,392.05426
969,2026-04-01 08:00:00,68692.0,68771.36,68513.82,68528.31,404.02443
970,2026-04-01 08:15:00,68528.3,68749.99,68389.21,68740.69,546.51628
971,2026-04-01 08:30:00,68740.68,68851.35,68718.27,68779.26,159.7915
972,2026-04-01 08:45:00,68779.26,68790.4,68552.02,68670.16,168.69182
973,2026-04-01 09:00:00,68670.15,68733.78,68454.81,68492.59,140.74988
974,2026-04-01 09:15:00,68493.28,68563.97,68390.25,68551.45,128.29208
975,2026-04-01 09:30:00,68551.45,68620.51,68402.26,68480.59,137.24747
976,2026-04-01 09:45:00,68480.6,68700.0,68480.6,68644.0,74.15928
977,2026-04-01 10:00:00,68644.01,68662.26,68503.71,68509.26,139.3341
978,2026-04-01 10:15:00,68509.27,68628.56,68489.14,68521.16,260.37447
979,2026-04-01 10:30:00,68521.15,68575.42,68407.08,68497.83,244.75727
980,2026-04-01 10:45:00,68497.82,68659.09,68433.03,68585.55,330.342
981,2026-04-01 11:00:00,68585.55,68668.18,68506.57,68612.01,175.29174
982,2026-04-01 11:15:00,68612.02,68652.23,68505.91,68552.49,240.86313
983,2026-04-01 11:30:00,68552.49,68634.0,68534.7,68608.35,230.14782
984,2026-04-01 11:45:00,68608.36,68736.15,68595.1,68712.52,106.26712
985,2026-04-01 12:00:00,68712.52,68723.22,68476.82,68574.13,346.38067
986,2026-04-01 12:15:00,68574.14,68717.72,68513.58,68524.53,216.78737
987,2026-04-01 12:30:00,68524.53,68748.88,68248.3,68665.68,403.89518
988,2026-04-01 12:45:00,68666.15,68786.0,68351.11,68393.6,398.16235
989,2026-04-01 13:00:00,68393.6,68443.34,68149.84,68432.17,259.83677
990,2026-04-01 13:15:00,68432.17,68598.0,68431.54,68555.87,125.71901
991,2026-04-01 13:30:00,68555.88,68681.25,67918.83,68114.95,438.38934
992,2026-04-01 13:45:00,68114.94,68293.26,67935.82,68116.07,208.1248
993,2026-04-01 14:00:00,68116.06,68287.78,68059.38,68263.66,176.98476
994,2026-04-01 14:15:00,68263.65,68520.0,68232.35,68517.23,253.05288
995,2026-04-01 14:30:00,68517.22,68641.82,68256.3,68408.16,280.03871
996,2026-04-01 14:45:00,68408.17,68690.98,68357.93,68593.55,195.09445
997,2026-04-01 15:00:00,68593.56,68675.22,68462.4,68489.19,205.31973
998,2026-04-01 15:15:00,68489.19,68899.0,68428.94,68746.25,231.62431
999,2026-04-01 15:30:00,68746.24,68835.17,68668.72,68772.27,47.80488
