,XSM7,XSR7,XSM28,XSR28,V7,BRK4H
2020-01-19,0.014473478079741475,-0.015873478079741474,,,,5.937217346971025
2020-01-26,-0.00207749110863432,-0.00072250889136568,,,,13.720210159281978
2020-02-02,0.004193077943008457,-0.006993077943008457,,,,9.739993484202929
2020-02-09,0.14845165184455533,-0.15055165184455532,-0.03501037737187969,0.03361037737187969,,15.493160415449896
2020-02-16,-0.017605437909572533,0.016905437909572534,-0.03749314605317384,0.03469314605317384,,-6.121569686807013
2020-02-23,-0.04884390191615168,0.04651056858281835,0.06385541342963152,-0.06385541342963152,,33.635880301757645
2020-03-01,0.026003237547782672,-0.02880323754778267,0.051812752942468926,-0.053212752942468924,,25.043444644874125
2020-03-08,-0.03613401409308448,0.03426734742641781,-0.0737501868353706,0.0730501868353706,,46.774626671010594
2020-03-15,-0.05592240154565972,0.053589068212326396,-0.08726544070419351,0.08493210737086018,,31.231017279215617
2020-03-22,-0.038198266288459196,0.035864932955125856,0.004567026174056819,-0.006433692840723485,,-16.30308730695493
2020-03-29,0.0025434309328070223,-0.005343430932807022,-0.00677815605631659,0.005844822722983257,,49.49051627977575
2020-04-05,-0.01669410852940366,0.014360775196070326,-0.09329377110911001,0.09282710444244334,,15.010046245446361
2020-04-12,0.042714547591765115,-0.04551454759176511,0.021331319372427708,-0.022731319372427707,,-6.501638235784773
2020-04-19,-0.06725848164567214,0.06539181497900548,-0.03013729093844951,0.029203957605116175,,17.123932631522848
2020-04-26,0.02698258541820176,-0.029782585418201758,0.0028190342780809313,-0.0042190342780809315,,3.133933166412982
2020-05-03,-0.013661389520616263,0.011794722853949597,0.0205166502599351,-0.020983316926601762,,-31.191814983827232
2020-05-10,0.0010478539063914797,-0.003381187239724813,0.023624763962440672,-0.024558097295774007,,4.822882154778642
2020-05-17,-0.023514845447879466,0.021181512114546133,-0.014886441072239999,0.013953107738906664,,-26.906677798552543
2020-05-24,0.05406846689545622,-0.056868466895456216,0.07623965637869577,-0.07763965637869578,,34.50855091187623
2020-05-31,0.049883988529693155,-0.05221732186302648,0.030362298251498943,-0.03129563158483228,,-17.557586833742622
2020-06-07,-0.02991362403626343,0.02851362403626343,-0.010101973981086297,0.00963530731441963,,5.235901618893846
2020-06-14,-0.0018468375649427409,-0.0009531624350572587,0.00499531138704826,-0.005928644720381593,,-17.732394108772166
2020-06-21,0.03478013124940184,-0.037113464582735164,0.021042543272333986,-0.02150920993900065,,-21.7567623212107
2020-06-28,0.03234757917244569,-0.03421424583911236,0.04776395210064884,-0.04869728543398217,-5.749021495595653,17.39618005158571
2020-07-05,0.06061794783317557,-0.06248461449984224,0.05748666729474071,-0.05795333396140738,6.094516146731714,55.6867577073958
2020-07-12,0.0470658800902721,-0.04939921342360544,0.03262796950678746,-0.03402796950678746,-3.6531116395383334,-26.17494410155618
2020-07-19,-0.04412103821023241,0.04272103821023241,-0.09980091328769845,0.09886757995436511,18.884613198858073,82.40531223101272
2020-07-26,0.04528556136803245,-0.048085561368032444,-0.07208397745712337,0.07115064412379003,5.469192645579262,16.81256257116221
2020-08-02,-0.11573955147088541,0.1143395514708854,0.056760203399105244,-0.05862687006577191,-0.07116368320225863,15.376573424845104
2020-08-09,0.12942729297307157,-0.1322272929730716,0.014374211764552095,-0.01530754509788543,1.0938064411217954,-17.663614174321637
2020-08-16,-0.031072212686812872,0.029205546020146203,-0.019631441539085352,0.018231441539085354,-3.766299133435628,-4.021091822594513
2020-08-23,-0.09505010494425879,0.0922501049442588,-0.013708231635414198,0.0123082316354142,5.771781287070978,-8.14617928824908
2020-08-30,0.08541445206738273,-0.08821445206738272,-0.026042067631602023,0.026042067631602023,12.637597787930169,32.01631899521878
2020-09-06,0.0340352356144039,-0.0357852356144039,0.03045090763014584,-0.03278424096347918,-2.6075424741335693,-12.44856989735512
2020-09-13,0.08621410257521399,-0.088664102575214,0.035367432109297624,-0.03723409877596429,-1.5096455402809887,9.24592772523046
2020-09-20,-0.008378557963659754,0.006978557963659755,-0.015613231719812505,0.014913231719812505,9.543971326088823,-15.05793066787599
2020-09-27,0.010175412482685508,-0.012415412482685507,0.047105246938921236,-0.04780524693892124,-19.718537149770913,-12.517022515999898
2020-10-04,0.029890616526605344,-0.03185061652660535,0.01601495702564521,-0.017764957025645213,13.274383861872213,-12.21167812573705
2020-10-11,0.03691077074023395,-0.03831077074023395,-0.00944298298254147,0.009092982982541471,-5.771871431629274,-12.61457826175012
2020-10-18,0.05587340470414967,-0.05727340470414967,0.023772170354259027,-0.02489217035425903,-7.00021242630638,-19.534343939364447
2020-10-25,-0.007886057804594863,0.006206057804594862,-0.009175576933049007,0.007775576933049008,-16.368177510599683,-35.3082923785087
2020-11-01,-0.1184176044026182,0.11645760440261821,-0.05398104463178096,0.053421044631780955,5.113918058999506,28.53364642117042
2020-11-08,0.11638090663218624,-0.11918090663218624,-0.10315545266093269,0.10231545266093268,-3.7114019287621067,2.8760949508836156
2020-11-15,-0.11325521484430463,0.11157521484430465,-0.003337566610126488,0.001657566610126488,8.887005912088,20.547768496089564
2020-11-22,0.12417889243163983,-0.12669889243163984,0.012978009226364414,-0.013538009226364415,9.777556649582458,-29.019254297884896
2020-11-29,-0.029707962893881334,0.028027962893881334,0.032583162119879584,-0.03342316211987958,-9.436053613949923,-32.15418915099528
2020-12-06,0.010338418967042328,-0.013138418967042329,-0.010214036286986446,0.009654036286986445,17.302912328269596,-5.5280311617665125
2020-12-13,-0.020906130599623374,0.018806130599623376,0.046685761174943864,-0.048365761174943865,13.327285048049454,8.578238625952197
2020-12-20,0.08874205276202904,-0.09107538609536237,0.06740729044226507,-0.06852729044226508,-12.154781078353547,16.52252808023356
2020-12-27,0.08815946404150846,-0.08979279737484178,0.090927382262697,-0.09209404892936368,7.194078568705272,52.46115247024461
2021-01-03,-0.20444960476852306,0.20234960476852307,-0.21807460166859655,0.2171412683352632,1.6940663508605496,0.6379028440779839
2021-01-10,0.0032147147036680314,-0.005781381370334698,-0.13045800929784143,0.12905800929784142,-4.183201629401909,27.35031862303671
2021-01-17,0.08988264895986765,-0.09221598229320098,0.04990548144923453,-0.05130548144923453,-5.3376333977546615,-17.817415259053867
2021-01-24,0.11043388384657234,-0.11230055051323899,0.0320640657182347,-0.032997399051568024,-9.472595138124102,28.778200514141318
2021-01-31,-0.0004942248490066902,-0.0016057751509933093,0.17521997625243782,-0.17615330958577116,5.3839358779731,93.72278961724574
2021-02-07,-0.1164331358637046,0.11386646919703794,-0.19161620247124897,0.190916202471249,4.28519179746007,92.61843595102015
2021-02-14,0.12167832282055659,-0.12401165615388991,0.06522163235025412,-0.06662163235025413,-11.185653816908019,-19.50906533319025
2021-02-21,0.016089764181244415,-0.017956430847911084,0.08980482584638483,-0.0909714925130515,1.7320558511548694,-27.43618505809448
2021-02-28,-0.0345234119578641,0.03219007862453076,-0.015148756167053391,0.014215422833720057,-7.382437322378125,6.860069448209767
2021-03-07,0.04536996315878559,-0.04793662982545225,0.06930576497075622,-0.07070576497075623,-14.938461111264292,-19.130218573899317
2021-03-14,-0.014409159632067722,0.01207582629873439,-0.06395949943464734,0.06255949943464732,-10.959200563525439,-6.77705757403966
2021-03-21,0.07775936278765679,-0.08009269612099011,0.10900744230038092,-0.1101741089670476,9.64848361718827,-4.203376515896938
2021-03-28,-0.08113395042306254,0.07933395042306254,-0.01399750032642651,0.012597500326426512,-1.0672295650404622,64.56244351797179
2021-04-04,0.017494274728513556,-0.019894274728513555,-0.04638310666944955,0.04521644000278289,-0.11196142774472384,32.01214961864808
2021-04-11,0.34624352485001897,-0.34824352485001897,0.0993441538881261,-0.10074415388812612,5.801667487767585,-29.20398749039077
2021-04-18,-0.01591134988018753,0.014111349880187527,0.003914370404360576,-0.005114370404360575,-11.28327588874841,-32.36447068055468
2021-04-25,-0.06988692283071016,0.06748692283071017,-0.10071267026931968,0.09991267026931969,15.262951156138335,62.72158054363906
2021-05-02,0.09065653467633188,-0.09325653467633187,0.22023146088361822,-0.22103146088361825,-5.693303841740863,-7.2317768608166295
2021-05-09,-0.030176816437923887,0.028176816437923885,-0.0532798296405457,0.0522798296405457,-12.63452006452377,16.16417403317546
2021-05-16,-0.003238434832382551,0.001238434832382551,-0.0191708868480561,0.0179708868480561,41.80094110341396,49.29966640776246
2021-05-23,-0.12878094848449034,0.12638094848449033,-0.06183697266637224,0.06043697266637224,-4.0637527456820415,-74.03738624401178
2021-05-30,-0.07195534155938726,0.06915534155938727,-0.05661879097983814,0.05561879097983814,-3.3784541349588206,5.110626478667624
2021-06-06,0.009044191913115599,-0.0118441919131156,-0.0064644868665716445,0.004264486866571644,16.14355848963051,12.233558653926567
2021-06-13,-0.025660535856018088,0.023460535856018087,-0.03194706626395171,0.03034706626395171,-20.42216212252166,91.46622004110814
2021-06-20,0.028851187752060185,-0.031251187752060185,-0.029968059073649602,0.0281680590736496,28.260283946688208,-36.99721970905433
2021-06-27,-0.054793459788462215,0.05319345978846221,-0.11600202270127888,0.11420202270127888,3.497932236111905,-46.154782521728805
2021-07-04,0.09695806830326566,-0.09935806830326567,-0.01449344193629896,0.012493441936298961,-9.032164311917567,13.995183880713268
2021-07-11,-0.022000299454287307,0.020200299454287304,-0.015356494102719715,0.013756494102719714,6.362329125256597,-27.83871311685473
2021-07-18,-0.026703095460537604,0.024303095460537605,0.11388109866579824,-0.11488109866579824,23.717937781548535,105.0474578277199
2021-07-25,-0.07134602684364692,0.06934602684364692,-0.0649481315782562,0.0639481315782562,5.265910010651885,93.1045449374589
2021-08-01,0.00018692844333009447,-0.0025869284433300936,-0.029729111328100095,0.028129111328100097,9.338188974087986,88.3217799999075
2021-08-08,-0.014362210999858516,0.012162210999858515,-0.04706208571368471,0.045862085713684705,-9.782349871374212,58.6017152765448
2021-08-15,0.060330915288522934,-0.06273091528852293,0.07062502899640687,-0.07262502899640687,3.447417291873742,-22.274101329093273
2021-08-22,0.0713800137148289,-0.07318001371482889,0.024590122145899795,-0.025590122145899796,9.855367022783598,-49.172815331226225
2021-08-29,-0.08452692810363398,0.08232692810363397,-0.06453821512123338,0.06333821512123337,8.568169217982065,-21.874959033753136
2021-09-05,0.057933088241603495,-0.0605330882416035,0.15208432393213378,-0.15268432393213377,5.974770587953083,22.304349969562097
2021-09-12,-0.002574143784301433,0.000374143784301433,-0.01115016731357333,0.010150167313573329,1.0680517563276013,-4.544007300946905
2021-09-19,-0.00240516345300446,0.0002051634530044603,0.031386226298546975,-0.03218622629854697,0.7863267766867101,-58.738187654512956
2021-09-26,-0.07585208211109977,0.07345208211109976,-0.06004395564151504,0.05924395564151504,15.893746377240205,42.309171110343115
2021-10-03,-0.06550991282169402,0.06290991282169403,-0.03443329224475526,0.03323329224475527,-21.723392093677997,-41.50192207714302
2021-10-10,0.013834097176967848,-0.016284097176967847,-0.02474546579509649,0.02254546579509649,-25.84003075371442,-29.3153907291086
2021-10-17,0.009601135714289175,-0.011526135714289175,0.013002696567772419,-0.01460269656777242,26.491859861060558,4.118749781726281
2021-10-24,0.06522060529619379,-0.0671456052961938,0.036535718538162704,-0.037735718538162696,-5.926715731444374,-24.81501486233404
2021-10-31,0.025010362557159202,-0.0271103625571592,0.0061099348690039565,-0.007159934869003957,-4.97533648885249,-11.093129322715008
2021-11-07,-0.0026292449314384483,0.00035424493143844816,-0.023715142133562652,0.022490142133562655,7.984532289708395,-4.482397508702424
2021-11-14,-0.038864116496510594,0.0364141164965106,0.047835029257942016,-0.04906002925794202,20.908722192918468,51.48745925711567
2021-11-21,0.1342246565207385,-0.1366746565207385,0.13901002867810433,-0.14041002867810434,-14.705938856922952,-8.216985891012555
2021-11-28,-0.027378784715465305,0.0254537847154653,-0.04282542340446252,0.042125423404462514,26.266507619895975,53.31768648584465
2021-12-05,0.012261398210628527,-0.014711398210628527,0.008496315560153036,-0.009721315560153036,-2.2904072240152793,-36.847253857264356
2021-12-12,-0.04993112944282771,0.04765612944282771,-0.04646168485628352,0.045236684856283516,-19.546168203639432,-32.64109549658159
2021-12-19,-0.056748468111418156,0.05447346811141816,0.005815097038498324,-0.006865097038498325,5.499066672331421,-24.799976008227375
2021-12-26,-0.005587937376356416,0.0033129373763564163,0.03410124022510162,-0.03567624022510163,-9.03459953066593,12.71304863987509
2022-01-02,0.025428677466134742,-0.027878677466134743,0.02200066364159601,-0.02305066364159601,30.601181872189507,72.67914595260153
2022-01-09,0.021330432795116948,-0.02325543279511695,0.04955502440934491,-0.050255024409344914,-12.281071008406448,-40.33787944154747
2022-01-16,0.021614823092937437,-0.02353982309293744,-0.006061353827426008,0.005186353827426007,50.81867332092629,198.05087315619733
2022-01-23,-0.0700781056195437,0.06815310561954369,-0.1201501432730915,0.11875014327309148,-27.801792930941456,-25.652010150568998
2022-01-30,-0.03536185428061685,0.03308685428061685,-0.06733468631455938,0.06628468631455939,12.704936670609,3.2035789647629214
2022-02-06,0.0026190241801784513,-0.005244024180178452,0.01813558437371076,-0.01988558437371076,-5.3338434888343125,-1.1548350375872056
2022-02-13,-0.01850824100377153,0.01623324100377153,-0.0035543946905518802,0.00215439469055188,10.006930659053792,-9.499672733107886
2022-02-20,-0.019987442686315134,0.017712442686315135,0.0004026865341806591,-0.001627686534180659,-24.817560496026807,-69.66372852668165
2022-02-27,-0.025550826152166785,0.023275826152166786,-0.005013262537055401,0.0037882625370554007,-1.820908743846335,-81.73018790635305
2022-03-06,0.05128395327573805,-0.05390895327573805,0.036852489084553366,-0.038252489084553365,-17.020678429625296,-61.31219030996662
2022-03-13,0.023751056671663075,-0.026026056671663075,-0.009167360543864769,0.00811736054386477,15.1063206616935,166.51825337947193
2022-03-20,-0.005986235463593944,0.004061235463593944,-0.02184738478332926,0.020797384783329258,27.41411474564608,83.65076447109477
2022-03-27,-0.021925459346602134,0.019650459346602134,-0.004658222320978593,0.0036082223209785926,-18.280225299938472,-34.52335578478093
2022-04-03,-0.03891110884246192,0.03663610884246192,-0.036748827150664236,0.03534882715066424,30.466600009501526,123.10101910983794
2022-04-10,0.0069372493724185495,-0.00956224937241855,0.0051232559442393345,-0.006173255944239335,22.03342494926669,4.146335013391351
2022-04-17,-0.015328805679454275,0.013053805679454276,-0.004451122049382353,0.003226122049382353,12.299710526186649,19.333910398204093
2022-04-24,0.030186539466734268,-0.03246153946673427,0.028434157732891555,-0.029834157732891553,-19.64575407010924,155.00907342558511
2022-05-01,-0.01227319864357029,0.00999819864357029,0.0056418698859874925,-0.006866869885987493,38.62937632587406,62.046628419380696
2022-05-08,-0.014654817214331373,0.012379817214331373,-0.011013494086231675,0.010138494086231674,13.94541866125944,106.44420768556299
2022-05-15,-0.04736122774581326,0.044736227745813255,-0.0020227162044841865,0.0006227162044841866,-9.913501159437573,-15.618326164592764
2022-05-22,0.011669435043753734,-0.013594435043753733,0.025427053058233638,-0.026127053058233637,1.8643547839970651,-18.12312021149419
2022-05-29,0.005192808243238368,-0.007117808243238368,0.0018260545268836883,-0.002876054526883688,6.458907573970615,-8.869063978191123
2022-06-05,-0.0013945539010135515,-0.0008804460989864486,0.04835369538821516,-0.048878695388215154,58.977083796144264,103.36249168354192
2022-06-12,0.025331260253855663,-0.027664593587188997,0.006102898062182796,-0.007502898062182796,-2.7960418280912056,-51.407814048282056
2022-06-19,-0.040880762207364134,0.03885853998514192,-0.07589495787581244,0.07501995787581245,-13.745737781049192,-17.83673875877321
2022-06-26,0.00016616936974260532,-0.002655058258631494,0.007737059049124984,-0.009137059049124983,0.5313148453444794,-76.2911089765597
2022-07-03,-0.009692093835232693,0.007514316057454914,0.0011263875469164977,-0.002370831991360942,14.12433546474965,-41.868023450296626
2022-07-10,0.00048510984871400213,-0.0026628876264917795,0.00407219080149319,-0.004694413023715412,-0.906205220995846,44.86127272005974
2022-07-17,0.03279973293598884,-0.03466639960265551,-0.0018376546318776077,0.00043765463187760763,-11.290965457444663,-40.909175347423705
2022-07-24,-0.005387617312124828,0.0033653950899026055,0.004607083560050106,-0.006007083560050106,46.72276204622948,-60.41453613781811
2022-07-31,-0.02175470663419062,0.019421373300857286,0.019007820554617978,-0.020096709443506867,1.7183430864412828,-38.7477605348013
2022-08-07,-0.0010849986404944463,-0.0014038902483944427,-0.06666942912033412,0.06558054023144523,-22.24570706942853,-40.52661304863364
2022-08-14,-0.01136794780164201,0.009345725579419786,-0.018102733460153706,0.016702733460153708,68.72081314284407,131.07885494673388
2022-08-21,0.0011627315707173575,-0.003496064904050691,-0.001558665111392697,-0.00015244599971841403,-33.827963653908974,-58.74490562478829
2022-08-28,0.036324227821666895,-0.03834645004388911,-0.02020760535059609,0.018807605350596092,-13.599890624328648,-26.979353275678918
2022-09-04,0.015512602208370741,-0.017534824430592965,-0.010173735563717846,0.009551513341495625,-28.626681594554515,-84.14343272684866
2022-09-11,-0.013602973545082967,0.011736306878416302,0.01067205759610711,-0.012227613151662667,12.08319575803764,38.746448283251944
2022-09-18,0.04393108738333126,-0.0462644207166646,0.045835305931535446,-0.0470797503759799,-29.205700147456028,-24.641073977801007
2022-09-25,-0.0034004856516590856,0.00184493009610353,-0.020359643536671017,0.019115199092226573,-32.34277684589071,-27.43485589427618
2022-10-02,-0.007262209622954426,0.0050844318451766495,0.017790021652773397,-0.018412243874995623,-19.62622676160264,-7.869960189386658
2022-10-09,0.003770352679482752,-0.005948130457260529,0.011583959049643927,-0.012517292382977262,83.78861139343513,44.14153727030129
2022-10-16,0.005554980142195461,-0.007577202364417683,-0.01789605691976857,0.01711827914199079,-14.327655457842983,-35.79747752262393
2022-10-23,-0.018722272232527627,0.016700050010305403,-0.018076489596543666,0.016520934040988113,9.226533484568332,41.525769210064524
2022-10-30,0.008268699757958893,-0.010508699757958892,0.007013924504748694,-0.008102813393637583,-0.5557276934657256,-71.35845180727314
2022-11-06,-0.006214951789886578,0.004674951789886578,0.006848120519902887,-0.008092564964347331,41.765635460878,79.0137653910441
2022-11-13,0.0006089832214292595,-0.00256898322142926,-0.02536070991315273,0.02458293213537495,2.4669086664961193,-71.32408267307432
2022-11-20,-0.0047212288689381324,0.0024812288689381318,-0.053221858256379546,0.05210185825637955,1.698469971830165,-37.47484587348802
2022-11-27,0.0027526954688625377,-0.004852695468862538,-0.002838224625701945,0.0014382246257019448,-48.004946171641805,-56.38356260677441
2022-12-04,-0.012857583722591374,0.010477583722591374,-0.006642111800984743,0.0058021118009847425,-7.407969482276349,18.305778477228593
2022-12-11,0.007829525629708404,-0.010349525629708405,0.022482173951919853,-0.024022173951919853,27.588129691848998,-24.706317702309
2022-12-18,0.010467318346601607,-0.012567318346601608,0.030744677741945385,-0.03200467774194538,-9.189832820071016,-38.63566126163105
2022-12-25,0.010682480843526493,-0.012782480843526494,-0.005587128538641408,0.004467128538641408,-14.99318068174648,3.8347364396637404
2023-01-01,-0.04690918129901875,0.045089181299018746,-0.05441789576508122,0.05357789576508123,49.68675619131633,289.58273910224545
2023-01-08,0.08063126823450331,-0.0831512682345033,-0.0528814208676902,0.05176142086769021,27.753148136811177,192.81106230918198
2023-01-15,0.06417310143623171,-0.0658531014362317,0.024183400506765294,-0.025863400506765295,-14.363655737591257,3.4247752358421324
2023-01-22,0.014191499375810983,-0.015591499375810981,0.024623029377903616,-0.025183029377903614,-41.83845804496292,-47.77399921975102
2023-01-29,0.016573137634203983,-0.01881313763420398,-0.0031429946211747827,0.002582994621174783,-32.48297052303832,-47.61656872267302
2023-02-05,-0.018616422137966538,0.01637642213796654,-0.035675546850265916,0.03455554685026592,16.46863727658692,-44.59858288205231
2023-02-12,-0.007113003315141761,0.005013003315141762,0.006195925545907298,-0.007595925545907298,14.270616302337029,-38.43415685695549
2023-02-19,-0.015988345925967165,0.013608345925967163,-0.02243200996621148,0.02159200996621148,27.692381626336616,127.02588689619814
2023-02-26,-0.002402118268079375,2.2118268079374896e-05,-0.01933226596403073,0.01821226596403073,-40.054209785186856,6.928626439169056
2023-03-05,0.02126814855748833,-0.02350814855748833,-0.010022114662892777,0.008622114662892779,38.34421231357768,-4.128716580829088
2023-03-12,-0.008579549526489596,0.007179549526489596,-0.013049470815821043,0.011649470815821045,-27.510536788869246,-23.03147370059699
2023-03-19,-0.02667923862190093,0.02415923862190093,0.012434615068800128,-0.013694615068800129,-42.02532708096106,-97.37543303484578
2023-03-26,0.010590201652671605,-0.013110201652671606,0.015778210269892907,-0.017038210269892905,-34.25139564473324,-35.12079238243503
2023-04-02,-0.0038019204227422677,0.0019819204227422673,-0.022001583032803414,0.021161583032803414,-3.6860534184114297,-10.769913992887274
2023-04-09,0.026006447989902908,-0.028106447989902906,-0.0037591469052214964,0.002219146905221496,-11.180596357096926,-23.38637016389572
2023-04-16,-0.030402668780161624,0.028302668780161626,-0.009328876380453393,0.007928876380453394,37.63893440787765,86.76336699902399
2023-04-23,0.009677818548810274,-0.012337818548810274,0.02036586945461087,-0.021205869454610872,-28.859283244513083,-37.83952394886689
2023-04-30,0.007962039535047087,-0.009782039535047086,0.022783131428087286,-0.024043131428087283,-19.07304205621932,62.147034544747186
2023-05-07,-0.005662886162015841,0.00342288616201584,-0.011328186583856512,0.01034818658385651,29.462662751353978,7.470372303936936
2023-05-14,-0.009952569271766435,0.007852569271766434,-0.008265781331929069,0.007005781331929068,-19.78811755313679,-53.41344253445754
2023-05-21,-0.017725857664007222,0.015345857664007222,0.0005610235413860293,-0.0016810235413860296,-7.588465029315704,-20.399625238378
2023-05-28,0.002364779121533468,-0.005164779121533468,0.019405064833863957,-0.02052506483386396,-12.455852697391814,-24.3680629729208
2023-06-04,0.008698455496095495,-0.010938455496095494,0.034213613583179654,-0.03533361358317965,48.70281935747332,143.83911427918636
2023-06-11,-0.008112874114190975,0.005872874114190975,-0.023518056509305798,0.022538056509305796,-60.43348802248617,13.343433663323538
2023-06-18,0.001344128623938976,-0.003724128623938976,0.003988423567315757,-0.004688423567315757,29.365088151892675,84.03450792205282
2023-06-25,0.06771129832431728,-0.06995129832431728,0.072079198575715,-0.07291919857571501,-23.67545861524993,-48.79185319185106
2023-07-02,-0.011248332174159978,0.009148332174159977,-0.0007445220723127691,-9.547792768723097e-05,-34.769968601775304,-56.39707094027375
2023-07-09,-0.010139197628285383,0.007759197628285383,-0.010608714746697587,0.009208714746697589,23.51229961312641,-11.398522123420914
2023-07-16,-0.005323997559183346,0.0030839975591833452,-0.015434473617413833,0.013894473617413833,-15.675773557965478,18.71841059068357
2023-07-23,0.006423934438175097,-0.008803934438175096,0.005550637899641402,-0.006390637899641402,-10.957721193999717,13.738420885304597
2023-07-30,-0.021705451306633226,0.019465451306633227,-0.008981636515245982,0.007581636515245983,-3.7737379155888195,14.71091916580235
2023-08-06,0.020851829709120435,-0.023371829709120436,-0.0002394938488671747,-0.0008805061511328254,-36.9686406602988,16.931304402525143
2023-08-13,-0.0021386253563416544,3.862535634165413e-05,0.023250714480089436,-0.024090714480089436,56.50069477495562,133.54897353249171
2023-08-20,-0.03386060599944672,0.03134060599944673,0.006436741667408732,-0.008116741667408731,-7.89103648427712,-38.731833852106305
2023-08-27,0.01250726639385875,-0.01474726639385875,0.0019003982245671502,-0.00246039822456715,-13.330374642227003,-44.493919542284516
2023-09-03,0.05326553999938477,-0.055505539999384776,0.06135883867286252,-0.062338838672862516,19.27392135067588,-29.942391726109552
2023-09-10,0.01541156404951698,-0.01709156404951698,0.023947756332028825,-0.024507756332028823,-9.31669046420235,-12.395215788746436
2023-09-17,0.015662229571668997,-0.017622229571669,0.018534596596889188,-0.01965459659688919,-5.541759155104416,-44.59801812331427
2023-09-24,0.023578198865300874,-0.025538198865300878,0.03470222773129042,-0.035682227731290414,-25.368450243034488,-16.15726397913207
2023-10-01,-0.029328142056430244,0.027508142056430242,-0.018151436749446418,0.017031436749446415,-19.595930178481144,-25.06889961259765
2023-10-08,-0.005670443076100162,0.003010443076100162,0.014097550323131203,-0.014657550323131204,45.11864150114722,-41.35337446936071
2023-10-15,0.018844985426179156,-0.020944985426179154,0.03963095299314319,-0.040610952993143185,25.479482170331124,161.82914549680766
2023-10-22,0.023891121515752456,-0.025711121515752458,0.01852296401849883,-0.019782964018498828,-13.095300783424612,141.6246807876233
2023-10-29,0.03157186520420567,-0.03395186520420568,-0.001533313016544969,-0.0001466869834550311,-11.782038434390918,41.12761265693304
2023-11-05,0.02642976578580387,-0.02852976578580387,0.04383577803205652,-0.04523577803205652,-24.5432632210661,-59.444705898842614
2023-11-12,0.00403817560442813,-0.006138175604428129,0.04102136533643888,-0.04172136533643889,-37.2117738349264,-62.52810255917766
2023-11-19,-0.03203741018898025,0.029937410188980253,-0.014606081774247123,0.014046081774247121,-33.75620142575023,-55.88917623477677
2023-11-26,-0.08209316382501625,0.07985316382501625,0.016399944586001473,-0.017239944586001473,8.656075884973228,10.36289220506735
2023-12-03,-0.01163119256080976,0.00897119256080976,0.02918382817585593,-0.030303828175855932,-9.353963658865647,-30.753484511921577
2023-12-10,0.01684885603092397,-0.01908885603092397,-0.003432780182747613,0.001892780182747613,-16.934925793898422,-27.17987537190795
2023-12-17,0.031242892629788358,-0.03334289262978836,0.02946614802208372,-0.03072614802208372,-2.306948900976516,-1.0797637692667101
2023-12-24,-0.03268265032309222,0.030442650323092218,0.007173087705178694,-0.008293087705178694,-3.300194380471587,-29.410713132506704
2023-12-31,-0.002971557407457839,0.0005915574074578391,-0.12438146779423138,0.12340146779423138,56.02548749984747,-47.37092626010786
2024-01-07,0.043235274705629975,-0.04533527470562998,0.03282126089995746,-0.03394126089995746,-0.3029912336836802,-49.57247911020036
2024-01-14,-0.03662639008325829,0.034526390083258286,-0.034625634894311946,0.03392563489431194,9.516728188344459,-27.873701796542896
2024-01-21,-0.025913168533973834,0.023393168533973833,0.0027241772800337466,-0.004124177280033747,-19.723105563470536,-22.8590243661028
2024-01-28,0.004752017313056725,-0.007272017313056725,0.00891811569049175,-0.01017811569049175,-11.535110989638598,-37.57068234616361
2024-02-04,-0.01617823708867381,0.014218237088673811,-0.03283431266920941,0.03143431266920941,3.1760679433243717,188.38571351810702
2024-02-11,-0.034708794863666834,0.03232879486366684,-0.04545167075586983,0.04335167075586983,-20.72084247245403,79.58650286391081
2024-02-18,0.12978123584401804,-0.13216123584401804,0.1397576664412642,-0.1408776664412642,0.8133825279944535,33.00889266128646
2024-02-25,0.05443621917029227,-0.05597621917029227,0.023951857441905783,-0.02535185744190578,1.0961975076290635,16.609409490961767
2024-03-03,0.028834982890448786,-0.03079498289044879,0.10971409046433095,-0.11069409046433096,-37.908694905258116,-37.53745478282339
2024-03-10,-0.001633970536304955,-0.0004660294636950448,-0.06056124341371686,0.060141243413716856,-17.814566426756436,27.395372626644615
2024-03-17,-0.03162926137166688,0.02910926137166688,-0.009517471818687008,0.00881747181868701,0.7386402067828142,-34.131693617919055
2024-03-24,0.024132519725316614,-0.026652519725316615,0.0423401658488455,-0.043320165848845495,-3.263400367841438,-42.13221509894711
2024-03-31,0.003533801186764234,-0.005773801186764235,-0.0060139013820102605,0.005033901382010261,47.33621078977225,69.33825910920004
2024-04-07,0.05290904824433389,-0.05500904824433389,0.040048193271600696,-0.041448193271600695,99.81181464817693,76.6489723413379
2024-04-14,-0.023302204194331644,0.021622204194331644,-0.029119530544150708,0.02771953054415071,-6.600204128192985,-41.6961022683589
2024-04-21,-0.011846994478993901,0.009186994478993902,0.010443494209610625,-0.011143494209610624,10.031410752554716,-30.126859748615118
2024-04-28,-0.0031586200139044323,0.0007786200139044321,-0.026398417830329094,0.025418417830329092,-11.365097063929575,-81.34576370340845
2024-05-05,0.019318255299659106,-0.021418255299659104,0.03692378100230636,-0.037623781002306365,4.496511416604789,-90.07133642497686
2024-05-12,0.022731628710984227,-0.02469162871098423,0.023980931195969772,-0.02524093119596977,-23.857503427724076,-13.447940319072384
2024-05-19,0.02349436785162287,-0.025314367851622874,-0.02497271167296136,0.024132711672961358,29.584606167583985,-10.532687829262292
2024-05-26,0.029739679229890674,-0.03183967922989067,0.03514200788712448,-0.03654200788712448,-21.379834592889143,3.572041094522672
2024-06-02,0.03873321441059578,-0.040833214410595786,0.0007354124581527821,-0.0017154124581527821,44.80817099041903,51.815898164008104
2024-06-09,-0.0036921392966448212,0.0018721392966448208,0.027343149791240452,-0.028463149791240455,-32.56610618322604,58.92727104188968
2024-06-16,0.03355262192440315,-0.035792621924403155,-0.009187887097400895,0.008207887097400893,-7.521233221082257,41.6502178279933
2024-06-23,-0.0037228629692171193,0.0021828629692171196,0.0005216458274458939,-0.0015016458274458942,-17.682323033887027,-42.13411569319461
2024-06-30,-0.019104336757142484,0.016864336757142485,-0.01243934030376182,0.011459340303761818,77.2950015286527,58.10583991477611
2024-07-07,0.02254681855687448,-0.02492681855687448,0.010496841676553934,-0.011896841676553933,-17.269893776059863,55.47367570852036
2024-07-14,-0.003042231943701946,0.0010822319437019457,-0.07120881805877244,0.07022881805877243,-12.816251565878863,-69.75019454401293
2024-07-21,-0.01783793107876446,0.015737931078764464,0.005871269373805059,-0.007551269373805058,-34.60825251504475,37.294759800786984
2024-07-28,0.03510083364525318,-0.03762083364525318,0.01663823750581164,-0.017758237505811642,89.18648863225214,201.7354331769607
2024-08-04,0.03544708611800804,-0.03712708611800804,0.050849422066645146,-0.05182942206664514,43.732614795189875,-66.92933507377334
2024-08-11,-0.027890343826467517,0.025930343826467514,0.002685861948819082,-0.0035258619488190823,-12.98111815310627,-38.289167071562
2024-08-18,0.013370591496601662,-0.016030591496601663,-0.08280583437885473,0.08168583437885472,5.218299932776601,-12.928404457430625
2024-08-25,-0.04184013178444147,0.03946013178444148,0.004779905520131818,-0.006459905520131819,-0.9880779961329718,-16.327067706078314
2024-09-01,-0.014621135457734665,0.011961135457734666,-0.017590466678818674,0.016750466678818673,-22.225358227655082,-47.45395851709766
2024-09-08,-0.011831462247401121,0.009451462247401121,-0.002161623565588332,0.0006216235655883318,6.1675045622574,15.943371002571375
2024-09-15,-0.005591725137041333,0.002931725137041332,-0.012499755352296154,0.011239755352296153,-19.26727265105883,-17.35150217394744
2024-09-22,0.009897980614382669,-0.01199798061438267,-0.04058247401517508,0.03946247401517508,-15.810504625953724,-33.48321961468127
2024-09-29,-0.026848718708979636,0.024468718708979636,-0.015283397883509832,0.01346339788350983,71.41759842755636,3.3993568477932485
2024-10-06,0.02710232076159928,-0.02962232076159928,0.008933193276051524,-0.010193193276051525,-19.31355586916557,-44.87760555836158
2024-10-13,-0.013017830465837052,0.011057830465837052,-0.009916783197996746,0.008656783197996745,-6.9233802706138805,-66.05955150493567
2024-10-20,-0.01283042676953673,0.01045042676953673,0.0040705378610780855,-0.004910537861078086,-20.838791635011763,4.847250144663951
2024-10-27,0.041270112342485565,-0.04365011234248556,0.017309745178688732,-0.01856974517868873,3.280995873801297,-115.31072690400848
2024-11-03,0.02583333372597714,-0.02737333372597714,-0.015987204910061382,0.01486720491006138,9.282163461153397,265.12437852394703
2024-11-10,-0.04547126658642139,0.04323126658642138,-0.01855914140637573,0.017439141406375726,-4.0518072098985405,46.72136316943219
2024-11-17,0.19456525189540413,-0.19680525189540415,0.06761063049343233,-0.06915063049343234,11.750783500187893,101.1953743427574
2024-11-24,0.07068505911115734,-0.07236505911115733,0.03841030829379916,-0.03967030829379916,10.476930965345217,90.2216385381486
2024-12-01,0.036145920827803914,-0.037825920827803915,0.050600193628317774,-0.05130019362831778,-16.563836767526926,-48.378159026049765
2024-12-08,-0.006454827527867032,0.004494827527867032,-0.018468410106310194,0.017768410106310195,78.84158389185941,55.78846149998905
2024-12-15,0.021436512128211464,-0.023956512128211465,0.007801650845384601,-0.0085016508453846,100.1421598026508,93.95913739488819
2024-12-22,0.0048149249111529326,-0.006634924911152933,0.000580488888058788,-0.001700488888058788,-18.65546443782168,-50.18745526329231
2024-12-29,-0.046706002541401025,0.04446600254140102,-0.06626633933435616,0.06514633933435615,7.3045394823333485,-72.11115222799798
2025-01-05,-0.020321808825638717,0.01752180882563872,0.029061436950705764,-0.030741436950705765,45.12786101188617,21.982321452191982
2025-01-12,0.04169621986255716,-0.04407621986255715,0.05545055346134921,-0.05685055346134921,19.820341706560285,-79.35598823738547
2025-01-19,0.01884405643565671,-0.02052405643565671,0.03243705085382279,-0.03355705085382279,43.00638191791702,67.57237354811802
2025-01-26,0.06224087524738523,-0.06406087524738523,0.05453191748782432,-0.054951917487824326,30.316147056979105,72.14208425531287
2025-02-02,-0.0030247875909390023,0.001624787590939002,0.014305963431817037,-0.015005963431817036,-19.019355442166393,-25.43854310178946
2025-02-09,-0.02318575228678139,0.021225752286781387,0.001023315990367859,-0.0014433159903678588,-6.849253418077109,-69.74756898596718
2025-02-16,-0.00585768701338561,0.003617687013385609,-0.010003481342183098,0.009303481342183098,-6.759060730451923,-21.08605193679842
2025-02-23,-0.020825301971277434,0.018725301971277437,-0.02705783674541237,0.026077836745412367,-28.28400968378574,-27.261986392158267
2025-03-02,-0.024455360209052462,0.022355360209052464,-0.0011624183350204122,-0.000377581664979588,0.682586202225093,38.19119801988946
2025-03-09,-0.019429789485779673,0.017049789485779673,-0.001717818475465573,0.00045781847546557286,-32.57601334822472,-54.272889049973244
2025-03-16,-0.005204769681256809,0.0026847696812568093,-0.001024945625411779,0.00046494562541177887,-17.94357801988981,-51.731378120198954
2025-03-23,-0.02892036035019555,0.02668036035019555,0.013739713771886167,-0.014579713771886167,21.879310646582663,44.38104555410077
2025-03-30,0.03909107686759383,-0.04175107686759383,0.05993753599948002,-0.06119753599948002,24.909214221012263,-23.05378144488464
2025-04-06,-0.015196688664509267,0.013796688664509265,-0.050744149381590935,0.04990414938159094,-38.827448325265685,47.345616309615544
2025-04-13,0.00017245811665192803,-0.0026924581166519286,-0.03751139664301012,0.03597139664301012,-7.137203301447362,63.99235800936772
2025-04-20,0.007888806878298741,-0.009988806878298742,-0.01810393147821151,0.01754393147821151,22.01118425376159,36.366608753385925
2025-04-27,-0.006788654946934078,0.004828654946934078,-0.00711490559221176,0.0059949055922117606,-26.78689622345008,-68.40179230436169
2025-05-04,-0.047526728859699864,0.04542672885969986,-0.023374420653783253,0.021974420653783255,14.325103030548922,41.867165576148665
2025-05-11,0.004447168368666412,-0.007107168368666413,0.01669607210819714,-0.018376072108197142,-16.440023988439716,-47.98119463584767
2025-05-18,0.01321616125030977,-0.01517616125030977,0.02023958354422798,-0.02107958354422798,-12.510839901499615,-15.743439935301051
2025-05-25,0.007791480120462978,-0.009751480120462978,0.017435393153820693,-0.018415393153820694,23.195895305681773,40.03027085500584
2025-06-01,0.03074067194551936,-0.032700671945519365,0.016772405953549847,-0.017472405953549847,-36.713569170848224,-72.31893482386371
2025-06-08,0.008948261288997268,-0.010348261288997266,0.01167624603461025,-0.013076246034610248,-15.918785395648015,-17.98683227462451
2025-06-15,0.016426583558153574,-0.018666583558153572,0.012264642922782624,-0.013384642922782623,7.9926476112598674,-65.96156712033533
2025-06-22,-0.039843912402348546,0.03774391240234854,-0.03914205630875302,0.03844205630875301,-36.43469088060798,12.890999852386742
2025-06-29,-0.027234414533722467,0.02443441453372247,0.005270393128407694,-0.006530393128407695,-15.720491562962893,-52.65908150872406
2025-07-06,0.027264834351243845,-0.029644834351243845,-0.037779884452894645,0.03679988445289465,70.08969939297951,245.36615505119156
2025-07-13,0.044205562360813314,-0.04658556236081331,0.0037699551247007143,-0.005309955124700714,8.125541522014261,-36.97243026794888
2025-07-20,0.006901853219707812,-0.008581853219707813,-0.019537251004696724,0.018137251004696726,17.843179949910173,-12.593250969729851
2025-07-27,0.008506243335585561,-0.010606243335585562,-0.010592324677998135,0.009752324677998135,-3.1126149545760615,-87.6408990211661
2025-08-03,-0.06203820134278866,0.06021820134278866,0.02745304989621171,-0.02815304989621171,-12.212383571798181,35.51408934787828
2025-08-10,-0.0004899534458041786,-0.0021700465541958213,0.0031810246129604126,-0.004441024612960413,-11.370133157617266,-80.22866963272422
2025-08-17,-0.008614109611468499,0.006234109611468498,-0.00445137149637007,0.00305137149637007,-2.2989966345967883,-109.25899628890024
2025-08-24,-0.010213863300198966,0.007833863300198966,0.0034691660724988816,-0.0045891660724988815,-22.39801422899628,-40.70117834965928
2025-08-31,0.01325286236521438,-0.01549286236521438,0.005329599215008864,-0.0061695992150088644,-22.13869348772185,-10.302561311024636
2025-09-07,0.004034400832107503,-0.006414400832107503,0.006061258854451766,-0.007041258854451766,21.605020079134913,-9.034463372134635
2025-09-14,0.002628218720423448,-0.004868218720423449,0.009656265929933837,-0.010916265929933838,-40.399778780674865,-7.259803821235534
2025-09-21,0.02118330913880589,-0.02356330913880589,0.030142148728662808,-0.03112214872866281,49.98580161196303,44.56956058189336
2025-09-28,0.0418066873709363,-0.0437666873709363,0.0668226273990649,-0.06752262739906491,25.91655559628479,-46.514382427166716
2025-10-05,0.1100275968869958,-0.11212759688699579,0.1161559043644831,-0.11755590436448311,18.603594497724952,150.52251917504086
2025-10-12,0.01659864925374558,-0.018418649253745582,-0.007330576328388941,0.0060705763283889404,-15.52352472886373,-17.754499496736614
2025-10-19,-0.030914849126628043,0.02895484912662804,0.018506323231361185,-0.019206323231361185,-32.092400657978736,-89.93447560321079
2025-10-26,0.08281610636490888,-0.08491610636490887,0.06823681551062083,-0.06851681551062083,0.8688665485866855,61.826014267801376
2025-11-02,0.11172577977754959,-0.11354577977754958,0.03864514760157541,-0.039485147601575406,74.38913458055245,-36.097369161316394
2025-11-09,-0.020897626878261143,0.01893762687826114,-0.013223051104084527,0.011823051104084529,-10.653082236910349,123.84944608543942
2025-11-16,0.0069336334284543595,-0.008753633428454359,-0.01797967045328478,0.01713967045328478,6.1217285225632825,14.7047919574747
2025-11-23,0.017699348636004874,-0.019379348636004875,-0.006394407319483202,0.005554407319483201,-14.397641063111115,-19.162193496200512
2025-11-30,0.02838093728286305,-0.03048093728286305,-0.0002518862125009608,-0.0005881137874990392,-66.63740497680581,-17.845349281876054
2025-12-07,-0.014789442200069584,0.013249442200069584,0.0065390628653467266,-0.007939062865346727,-28.66812356940489,
2025-12-14,0.012043537920206092,-0.014143537920206093,0.01663962338765633,-0.017059623387656327,-6.6330601327798355,
2025-12-21,0.00879578603047374,-0.01117578603047374,-0.026345167298603898,0.025505167298603897,-2.603183842743593,
2025-12-28,-0.014487382508026208,0.012387382508026207,-0.02242633527703125,0.02172633527703125,21.70172080229988,27.44141825129724
2026-01-04,0.006745140513134223,-0.009125140513134223,-0.010172511962792147,0.008772511962792148,-20.108739610508714,-32.552300445477556
2026-01-11,-0.06205757504696861,0.06009757504696861,-0.10063013215228568,0.09937013215228567,81.87575245520976,79.66764136338597
2026-01-18,-0.029208967427064404,0.026688967427064402,-0.03545184164507031,0.033491841645070304,20.744575835861838,136.43754291870684
2026-01-25,0.0360075386935033,-0.038387538693503295,0.005069554625102063,-0.006329554625102064,59.85079888468932,228.14399254226998
2026-02-01,0.02467351678620971,-0.02593351678620971,0.030243586328991788,-0.03108358632899179,10.205292073927994,63.71253055530851
2026-02-08,0.0021460107444001256,-0.0034060107444001254,0.008087196088855199,-0.0090671960888552,7.7052032062305456,-96.94991279703738
2026-02-15,-0.021629450990632244,0.019529450990632247,0.02330144853801504,-0.024421448538015044,-8.048578732306915,-47.09775291781989
2026-02-22,-0.02771745054134088,0.02533745054134088,-0.028598182306379175,0.027758182306379175,-56.08709658890953,-91.79108618085232
2026-03-01,-0.006286485229151654,0.004046485229151653,-0.0024452561067826763,0.0014652561067826763,-5.698345297829524,-94.46275899010492
2026-03-08,0.0030090525534652163,-0.005109052553465216,-0.03119902044593582,0.03049902044593582,8.908762570818949,-10.616656615543205
2026-03-15,-0.012740778598071887,0.010360778598071886,-0.0040603969800499275,0.0028003969800499268,61.5144557823465,-76.81409712227956
2026-03-22,0.011450404129522066,-0.013690404129522065,-0.0025280072864935017,0.0011280072864935015,-13.277473328703275,-92.1316290803999
2026-03-29,-0.01225625341235094,0.010436253412350941,-0.014239543758161562,0.01241954375816156,-3.9721813021260726,-24.629168059177232
2026-04-05,-0.0163701818532117,0.014130181853211701,0.01393463840874679,-0.01505463840874679,-26.193199437310593,-53.2818140493534
2026-04-12,-0.012608940095861538,0.010648940095861538,-0.03182311538096715,0.030983115380967156,-30.30608255902225,-11.048696479425054
2026-04-19,0.010766942550568339,-0.01286694255056834,0.02923938231902992,-0.030779382319029918,-10.041550970817829,-16.639850827851994
2026-04-26,0.008927782691441077,-0.011167782691441076,0.01474527264343041,-0.01572527264343041,-14.720880532795176,-52.72222980233788
2026-05-03,-0.021814940175424805,0.0198549401754248,-0.0037410975142486884,0.002621097514248688,2.768598665119938,8.866688143651553
2026-05-10,-0.03811868196819464,0.035738681968194644,-0.04153989950265028,0.04013989950265028,17.402958518269703,140.59527272719427
2026-05-17,0.04355588141704753,-0.04621588141704753,0.06536741662144586,-0.06718741662144585,-32.55658968258393,-46.18222271468483
2026-05-24,0.009786854369584137,-0.011466854369584138,-0.025711149435350217,0.024591149435350214,-25.42829137201122,43.73657206485041
2026-05-31,-0.01369972523250273,0.011459725232502731,-0.0033954445190345506,0.0019954445190345504,28.02052968946957,83.64728157121554
2026-06-07,0.029293390114569193,-0.031533390114569196,-0.012841104047048146,0.011441104047048147,9.971302183174483,-53.120973609134104
2026-06-14,-0.030108352941240844,0.028568352941240844,-0.026924092939325125,0.025944092939325123,-22.157778182944107,-21.776049120994763
2026-06-21,0.015141793403119837,-0.017661793403119838,0.007587908751006231,-0.00898790875100623,-41.11429410827506,-15.107868529841571
2026-06-28,-0.004128034842783342,0.0021680348427833424,-0.03160377485455481,0.030343774854554813,-39.406569959370884,-38.44890677425233
2026-07-05,-0.006025284869748749,0.003925284869748748,0.005170689400040904,-0.006430689400040905,-35.87914614460397,-41.01597158751584
2026-07-12,0.009103787922864901,-0.0109237879228649,0.0015918953202023953,-0.0025718953202023952,-13.633938064903994,-54.678558372820234
2026-07-19,-0.008000399970905285,0.006180399970905284,0.00501999220536289,-0.00599999220536289,-26.09057478949715,-29.908885368983945
2026-07-26,0.00971640979424071,-0.01167640979424071,-0.014061911630967025,0.013081911630967027,-2.276417203957809,-37.320312085991176
2026-08-02,0.012936358353898447,-0.014896358353898447,0.006779434509727329,-0.007899434509727328,-17.040326206193235,7.396665153763892
2026-08-09,-0.00437501058304488,0.0019950105830448795,-0.025395306413206448,0.024555306413206447,-34.22030160782584,-43.57658025764416
2026-08-16,-0.0762517730154467,0.0744317730154467,-0.01191386136459442,0.01079386136459442,33.096591731149914,169.79886765073445
2026-08-23,-0.024410856120353416,0.021750856120353414,0.0002798126374979683,-0.0019598126374979685,-27.414877718611454,-57.23131003955936
2026-08-30,0.03245624832326701,-0.034696248323267016,0.053488003057294946,-0.054888003057294944,1.4693178625633463,22.718162270076956
2026-09-06,-0.029646157733764472,0.027546157733764474,-0.033359646111610755,0.03209964611161076,-48.94980444915742,-66.22419897174066
2026-09-13,-0.06232733581400342,0.05966733581400342,-0.14142475504058985,0.14058475504058984,25.41803831589121,60.2633990409849
2026-09-20,-0.18654559719685546,0.18388559719685546,-0.06296966569970118,0.06212966569970118,4.6413490285161245,-10.41423744020342
2026-09-27,,,,,,-15.517665277875924
